Pin Count,Color Count,Strategy,Solver,Initial Guess,Average Turns,Max Turns,Elapsed (s),Big Regions,FDOpt Games,FDOpt Regions,Scores,Tiny Games,Tiny Regions,Total Codewords,GPU CUDA Capability,GPU CUDA Driver Version,GPU CUDA Runtime Version,GPU Constant Memory,GPU Cores,GPU Cores/MP,GPU Global Memory,GPU L2 Cache Size,GPU Max Clock Rate MHz,GPU Memory Bus Width,GPU Memory Clock Rate MHz,GPU Multiprocessors,GPU Name,GPU Registers per block,GPU Shared Memory per MP,GPU Shared Memory per block,GPU Threads per Block,GPU Threads per MP,GPU Warp Size,Git Branch,Git Commit Date,Git Commit Hash,HW CPU Arch,HW CPU Brand String,HW CPU Cacheline Size,HW CPU L1 dCache Size,HW CPU L1 iCache Size,HW CPU L2 Cache Size,HW CPU L3 Cache Size,HW CPU Logical Count,HW CPU Physical Count,HW Memory Size,Machine Name,OS Kernel Name,OS Kernel Version,OS Product Version,OS Version String
2,2,Knuth,CUDA,11,2,3,0.256862,0,0,0,8,4,3,4,8.6,11.7,11.7,65536,5888,128,8334737408,4194304,1755.000122,256,7001.000488,46,NVIDIA GeForce RTX 3070,65536,102400,49152,1024,1536,32,master,2022-07-16 19:01:05 -0700,531adf1,x86_64,Intel(R) Core(TM) i7-10700K CPU @ 3.80GHz,64,32768,32768,262144,16777216,16,8,16695377920,Avocato,Linux,5.15.0-41-generic,Ubuntu 22.04 LTS,#44-Ubuntu SMP Wed Jun 22 14:20:53 UTC 2022
2,2,Most Parts,CUDA,11,2,3,0.000643865,0,0,0,8,4,3,4,8.6,11.7,11.7,65536,5888,128,8334737408,4194304,1755.000122,256,7001.000488,46,NVIDIA GeForce RTX 3070,65536,102400,49152,1024,1536,32,master,2022-07-16 19:01:05 -0700,531adf1,x86_64,Intel(R) Core(TM) i7-10700K CPU @ 3.80GHz,64,32768,32768,262144,16777216,16,8,16695377920,Avocato,Linux,5.15.0-41-generic,Ubuntu 22.04 LTS,#44-Ubuntu SMP Wed Jun 22 14:20:53 UTC 2022
2,2,Expected Size,CUDA,11,2,3,0.00064664,0,0,0,8,4,3,4,8.6,11.7,11.7,65536,5888,128,8334737408,4194304,1755.000122,256,7001.000488,46,NVIDIA GeForce RTX 3070,65536,102400,49152,1024,1536,32,master,2022-07-16 19:01:05 -0700,531adf1,x86_64,Intel(R) Core(TM) i7-10700K CPU @ 3.80GHz,64,32768,32768,262144,16777216,16,8,16695377920,Avocato,Linux,5.15.0-41-generic,Ubuntu 22.04 LTS,#44-Ubuntu SMP Wed Jun 22 14:20:53 UTC 2022
2,2,Entropy,CUDA,11,2,3,0.000650916,0,0,0,8,4,3,4,8.6,11.7,11.7,65536,5888,128,8334737408,4194304,1755.000122,256,7001.000488,46,NVIDIA GeForce RTX 3070,65536,102400,49152,1024,1536,32,master,2022-07-16 19:01:05 -0700,531adf1,x86_64,Intel(R) Core(TM) i7-10700K CPU @ 3.80GHz,64,32768,32768,262144,16777216,16,8,16695377920,Avocato,Linux,5.15.0-41-generic,Ubuntu 22.04 LTS,#44-Ubuntu SMP Wed Jun 22 14:20:53 UTC 2022
2,3,Knuth,CUDA,12,2.33333,3,0.00127704,1,4,1,37,8,7,9,8.6,11.7,11.7,65536,5888,128,8334737408,4194304,1755.000122,256,7001.000488,46,NVIDIA GeForce RTX 3070,65536,102400,49152,1024,1536,32,master,2022-07-16 19:01:05 -0700,531adf1,x86_64,Intel(R) Core(TM) i7-10700K CPU @ 3.80GHz,64,32768,32768,262144,16777216,16,8,16695377920,Avocato,Linux,5.15.0-41-generic,Ubuntu 22.04 LTS,#44-Ubuntu SMP Wed Jun 22 14:20:53 UTC 2022
2,3,Most Parts,CUDA,12,2.33333,3,0.000729212,1,4,1,37,8,7,9,8.6,11.7,11.7,65536,5888,128,8334737408,4194304,1755.000122,256,7001.000488,46,NVIDIA GeForce RTX 3070,65536,102400,49152,1024,1536,32,master,2022-07-16 19:01:05 -0700,531adf1,x86_64,Intel(R) Core(TM) i7-10700K CPU @ 3.80GHz,64,32768,32768,262144,16777216,16,8,16695377920,Avocato,Linux,5.15.0-41-generic,Ubuntu 22.04 LTS,#44-Ubuntu SMP Wed Jun 22 14:20:53 UTC 2022
2,3,Expected Size,CUDA,12,2.33333,3,0.000731496,1,4,1,37,8,7,9,8.6,11.7,11.7,65536,5888,128,8334737408,4194304,1755.000122,256,7001.000488,46,NVIDIA GeForce RTX 3070,65536,102400,49152,1024,1536,32,master,2022-07-16 19:01:05 -0700,531adf1,x86_64,Intel(R) Core(TM) i7-10700K CPU @ 3.80GHz,64,32768,32768,262144,16777216,16,8,16695377920,Avocato,Linux,5.15.0-41-generic,Ubuntu 22.04 LTS,#44-Ubuntu SMP Wed Jun 22 14:20:53 UTC 2022
2,3,Entropy,CUDA,12,2.33333,3,0.000717528,1,4,1,37,8,7,9,8.6,11.7,11.7,65536,5888,128,8334737408,4194304,1755.000122,256,7001.000488,46,NVIDIA GeForce RTX 3070,65536,102400,49152,1024,1536,32,master,2022-07-16 19:01:05 -0700,531adf1,x86_64,Intel(R) Core(TM) i7-10700K CPU @ 3.80GHz,64,32768,32768,262144,16777216,16,8,16695377920,Avocato,Linux,5.15.0-41-generic,Ubuntu 22.04 LTS,#44-Ubuntu SMP Wed Jun 22 14:20:53 UTC 2022
2,4,Knuth,CUDA,12,2.8125,4,0.00101401,1,8,2,237,15,12,16,8.6,11.7,11.7,65536,5888,128,8334737408,4194304,1755.000122,256,7001.000488,46,NVIDIA GeForce RTX 3070,65536,102400,49152,1024,1536,32,master,2022-07-16 19:01:05 -0700,531adf1,x86_64,Intel(R) Core(TM) i7-10700K CPU @ 3.80GHz,64,32768,32768,262144,16777216,16,8,16695377920,Avocato,Linux,5.15.0-41-generic,Ubuntu 22.04 LTS,#44-Ubuntu SMP Wed Jun 22 14:20:53 UTC 2022
2,4,Most Parts,CUDA,12,2.8125,4,0.00101736,1,8,2,237,15,12,16,8.6,11.7,11.7,65536,5888,128,8334737408,4194304,1755.000122,256,7001.000488,46,NVIDIA GeForce RTX 3070,65536,102400,49152,1024,1536,32,master,2022-07-16 19:01:05 -0700,531adf1,x86_64,Intel(R) Core(TM) i7-10700K CPU @ 3.80GHz,64,32768,32768,262144,16777216,16,8,16695377920,Avocato,Linux,5.15.0-41-generic,Ubuntu 22.04 LTS,#44-Ubuntu SMP Wed Jun 22 14:20:53 UTC 2022
2,4,Expected Size,CUDA,12,2.8125,4,0.00103624,1,8,2,237,15,12,16,8.6,11.7,11.7,65536,5888,128,8334737408,4194304,1755.000122,256,7001.000488,46,NVIDIA GeForce RTX 3070,65536,102400,49152,1024,1536,32,master,2022-07-16 19:01:05 -0700,531adf1,x86_64,Intel(R) Core(TM) i7-10700K CPU @ 3.80GHz,64,32768,32768,262144,16777216,16,8,16695377920,Avocato,Linux,5.15.0-41-generic,Ubuntu 22.04 LTS,#44-Ubuntu SMP Wed Jun 22 14:20:53 UTC 2022
2,4,Entropy,CUDA,12,2.8125,4,0.00101654,1,8,2,237,15,12,16,8.6,11.7,11.7,65536,5888,128,8334737408,4194304,1755.000122,256,7001.000488,46,NVIDIA GeForce RTX 3070,65536,102400,49152,1024,1536,32,master,2022-07-16 19:01:05 -0700,531adf1,x86_64,Intel(R) Core(TM) i7-10700K CPU @ 3.80GHz,64,32768,32768,262144,16777216,16,8,16695377920,Avocato,Linux,5.15.0-41-generic,Ubuntu 22.04 LTS,#44-Ubuntu SMP Wed Jun 22 14:20:53 UTC 2022
2,5,Knuth,CUDA,12,3.36,5,0.00121722,2,12,4,959,22,19,25,8.6,11.7,11.7,65536,5888,128,8334737408,4194304,1755.000122,256,7001.000488,46,NVIDIA GeForce RTX 3070,65536,102400,49152,1024,1536,32,master,2022-07-16 19:01:05 -0700,531adf1,x86_64,Intel(R) Core(TM) i7-10700K CPU @ 3.80GHz,64,32768,32768,262144,16777216,16,8,16695377920,Avocato,Linux,5.15.0-41-generic,Ubuntu 22.04 LTS,#44-Ubuntu SMP Wed Jun 22 14:20:53 UTC 2022
2,5,Most Parts,CUDA,12,3.24,4,0.00104008,2,9,3,840,23,20,25,8.6,11.7,11.7,65536,5888,128,8334737408,4194304,1755.000122,256,7001.000488,46,NVIDIA GeForce RTX 3070,65536,102400,49152,1024,1536,32,master,2022-07-16 19:01:05 -0700,531adf1,x86_64,Intel(R) Core(TM) i7-10700K CPU @ 3.80GHz,64,32768,32768,262144,16777216,16,8,16695377920,Avocato,Linux,5.15.0-41-generic,Ubuntu 22.04 LTS,#44-Ubuntu SMP Wed Jun 22 14:20:53 UTC 2022
2,5,Expected Size,CUDA,12,3.24,4,0.0010677,2,6,2,756,26,21,25,8.6,11.7,11.7,65536,5888,128,8334737408,4194304,1755.000122,256,7001.000488,46,NVIDIA GeForce RTX 3070,65536,102400,49152,1024,1536,32,master,2022-07-16 19:01:05 -0700,531adf1,x86_64,Intel(R) Core(TM) i7-10700K CPU @ 3.80GHz,64,32768,32768,262144,16777216,16,8,16695377920,Avocato,Linux,5.15.0-41-generic,Ubuntu 22.04 LTS,#44-Ubuntu SMP Wed Jun 22 14:20:53 UTC 2022
2,5,Entropy,CUDA,12,3.24,4,0.00109116,2,6,2,756,26,21,25,8.6,11.7,11.7,65536,5888,128,8334737408,4194304,1755.000122,256,7001.000488,46,NVIDIA GeForce RTX 3070,65536,102400,49152,1024,1536,32,master,2022-07-16 19:01:05 -0700,531adf1,x86_64,Intel(R) Core(TM) i7-10700K CPU @ 3.80GHz,64,32768,32768,262144,16777216,16,8,16695377920,Avocato,Linux,5.15.0-41-generic,Ubuntu 22.04 LTS,#44-Ubuntu SMP Wed Jun 22 14:20:53 UTC 2022
2,6,Knuth,CUDA,12,3.66667,5,0.00127734,2,18,6,2302,34,29,36,8.6,11.7,11.7,65536,5888,128,8334737408,4194304,1755.000122,256,7001.000488,46,NVIDIA GeForce RTX 3070,65536,102400,49152,1024,1536,32,master,2022-07-16 19:01:05 -0700,531adf1,x86_64,Intel(R) Core(TM) i7-10700K CPU @ 3.80GHz,64,32768,32768,262144,16777216,16,8,16695377920,Avocato,Linux,5.15.0-41-generic,Ubuntu 22.04 LTS,#44-Ubuntu SMP Wed Jun 22 14:20:53 UTC 2022
2,6,Most Parts,CUDA,12,3.66667,5,0.00129283,2,18,6,2302,34,29,36,8.6,11.7,11.7,65536,5888,128,8334737408,4194304,1755.000122,256,7001.000488,46,NVIDIA GeForce RTX 3070,65536,102400,49152,1024,1536,32,master,2022-07-16 19:01:05 -0700,531adf1,x86_64,Intel(R) Core(TM) i7-10700K CPU @ 3.80GHz,64,32768,32768,262144,16777216,16,8,16695377920,Avocato,Linux,5.15.0-41-generic,Ubuntu 22.04 LTS,#44-Ubuntu SMP Wed Jun 22 14:20:53 UTC 2022
2,6,Expected Size,CUDA,12,3.66667,5,0.00125064,2,18,6,2259,35,30,36,8.6,11.7,11.7,65536,5888,128,8334737408,4194304,1755.000122,256,7001.000488,46,NVIDIA GeForce RTX 3070,65536,102400,49152,1024,1536,32,master,2022-07-16 19:01:05 -0700,531adf1,x86_64,Intel(R) Core(TM) i7-10700K CPU @ 3.80GHz,64,32768,32768,262144,16777216,16,8,16695377920,Avocato,Linux,5.15.0-41-generic,Ubuntu 22.04 LTS,#44-Ubuntu SMP Wed Jun 22 14:20:53 UTC 2022
2,6,Entropy,CUDA,12,3.66667,5,0.00126426,2,18,6,2259,35,30,36,8.6,11.7,11.7,65536,5888,128,8334737408,4194304,1755.000122,256,7001.000488,46,NVIDIA GeForce RTX 3070,65536,102400,49152,1024,1536,32,master,2022-07-16 19:01:05 -0700,531adf1,x86_64,Intel(R) Core(TM) i7-10700K CPU @ 3.80GHz,64,32768,32768,262144,16777216,16,8,16695377920,Avocato,Linux,5.15.0-41-generic,Ubuntu 22.04 LTS,#44-Ubuntu SMP Wed Jun 22 14:20:53 UTC 2022
2,7,Knuth,CUDA,12,4.12245,6,0.00152632,3,34,10,5448,45,40,49,8.6,11.7,11.7,65536,5888,128,8334737408,4194304,1755.000122,256,7001.000488,46,NVIDIA GeForce RTX 3070,65536,102400,49152,1024,1536,32,master,2022-07-16 19:01:05 -0700,531adf1,x86_64,Intel(R) Core(TM) i7-10700K CPU @ 3.80GHz,64,32768,32768,262144,16777216,16,8,16695377920,Avocato,Linux,5.15.0-41-generic,Ubuntu 22.04 LTS,#44-Ubuntu SMP Wed Jun 22 14:20:53 UTC 2022
2,7,Most Parts,CUDA,12,4.06122,5,0.00133402,3,31,9,5233,46,41,49,8.6,11.7,11.7,65536,5888,128,8334737408,4194304,1755.000122,256,7001.000488,46,NVIDIA GeForce RTX 3070,65536,102400,49152,1024,1536,32,master,2022-07-16 19:01:05 -0700,531adf1,x86_64,Intel(R) Core(TM) i7-10700K CPU @ 3.80GHz,64,32768,32768,262144,16777216,16,8,16695377920,Avocato,Linux,5.15.0-41-generic,Ubuntu 22.04 LTS,#44-Ubuntu SMP Wed Jun 22 14:20:53 UTC 2022
2,7,Expected Size,CUDA,12,4.04082,5,0.00135254,3,25,7,4862,52,43,49,8.6,11.7,11.7,65536,5888,128,8334737408,4194304,1755.000122,256,7001.000488,46,NVIDIA GeForce RTX 3070,65536,102400,49152,1024,1536,32,master,2022-07-16 19:01:05 -0700,531adf1,x86_64,Intel(R) Core(TM) i7-10700K CPU @ 3.80GHz,64,32768,32768,262144,16777216,16,8,16695377920,Avocato,Linux,5.15.0-41-generic,Ubuntu 22.04 LTS,#44-Ubuntu SMP Wed Jun 22 14:20:53 UTC 2022
2,7,Entropy,CUDA,12,4.04082,5,0.00134527,3,25,7,4862,52,43,49,8.6,11.7,11.7,65536,5888,128,8334737408,4194304,1755.000122,256,7001.000488,46,NVIDIA GeForce RTX 3070,65536,102400,49152,1024,1536,32,master,2022-07-16 19:01:05 -0700,531adf1,x86_64,Intel(R) Core(TM) i7-10700K CPU @ 3.80GHz,64,32768,32768,262144,16777216,16,8,16695377920,Avocato,Linux,5.15.0-41-generic,Ubuntu 22.04 LTS,#44-Ubuntu SMP Wed Jun 22 14:20:53 UTC 2022
2,8,Knuth,CUDA,12,4.45312,6,0.00161956,3,40,12,10451,61,54,64,8.6,11.7,11.7,65536,5888,128,8334737408,4194304,1755.000122,256,7001.000488,46,NVIDIA GeForce RTX 3070,65536,102400,49152,1024,1536,32,master,2022-07-16 19:01:05 -0700,531adf1,x86_64,Intel(R) Core(TM) i7-10700K CPU @ 3.80GHz,64,32768,32768,262144,16777216,16,8,16695377920,Avocato,Linux,5.15.0-41-generic,Ubuntu 22.04 LTS,#44-Ubuntu SMP Wed Jun 22 14:20:53 UTC 2022
2,8,Most Parts,CUDA,12,4.45312,6,0.00160762,3,40,12,10451,61,54,64,8.6,11.7,11.7,65536,5888,128,8334737408,4194304,1755.000122,256,7001.000488,46,NVIDIA GeForce RTX 3070,65536,102400,49152,1024,1536,32,master,2022-07-16 19:01:05 -0700,531adf1,x86_64,Intel(R) Core(TM) i7-10700K CPU @ 3.80GHz,64,32768,32768,262144,16777216,16,8,16695377920,Avocato,Linux,5.15.0-41-generic,Ubuntu 22.04 LTS,#44-Ubuntu SMP Wed Jun 22 14:20:53 UTC 2022
2,8,Expected Size,CUDA,12,4.4375,6,0.00165451,3,45,13,10269,63,56,64,8.6,11.7,11.7,65536,5888,128,8334737408,4194304,1755.000122,256,7001.000488,46,NVIDIA GeForce RTX 3070,65536,102400,49152,1024,1536,32,master,2022-07-16 19:01:05 -0700,531adf1,x86_64,Intel(R) Core(TM) i7-10700K CPU @ 3.80GHz,64,32768,32768,262144,16777216,16,8,16695377920,Avocato,Linux,5.15.0-41-generic,Ubuntu 22.04 LTS,#44-Ubuntu SMP Wed Jun 22 14:20:53 UTC 2022
2,8,Entropy,CUDA,12,4.4375,6,0.00162598,3,45,13,10269,63,56,64,8.6,11.7,11.7,65536,5888,128,8334737408,4194304,1755.000122,256,7001.000488,46,NVIDIA GeForce RTX 3070,65536,102400,49152,1024,1536,32,master,2022-07-16 19:01:05 -0700,531adf1,x86_64,Intel(R) Core(TM) i7-10700K CPU @ 3.80GHz,64,32768,32768,262144,16777216,16,8,16695377920,Avocato,Linux,5.15.0-41-generic,Ubuntu 22.04 LTS,#44-Ubuntu SMP Wed Jun 22 14:20:53 UTC 2022
2,9,Knuth,CUDA,12,4.8642,7,0.00178755,4,56,16,19517,76,69,81,8.6,11.7,11.7,65536,5888,128,8334737408,4194304,1755.000122,256,7001.000488,46,NVIDIA GeForce RTX 3070,65536,102400,49152,1024,1536,32,master,2022-07-16 19:01:05 -0700,531adf1,x86_64,Intel(R) Core(TM) i7-10700K CPU @ 3.80GHz,64,32768,32768,262144,16777216,16,8,16695377920,Avocato,Linux,5.15.0-41-generic,Ubuntu 22.04 LTS,#44-Ubuntu SMP Wed Jun 22 14:20:53 UTC 2022
2,9,Most Parts,CUDA,12,4.82716,6,0.00158854,4,53,15,19174,77,70,81,8.6,11.7,11.7,65536,5888,128,8334737408,4194304,1755.000122,256,7001.000488,46,NVIDIA GeForce RTX 3070,65536,102400,49152,1024,1536,32,master,2022-07-16 19:01:05 -0700,531adf1,x86_64,Intel(R) Core(TM) i7-10700K CPU @ 3.80GHz,64,32768,32768,262144,16777216,16,8,16695377920,Avocato,Linux,5.15.0-41-generic,Ubuntu 22.04 LTS,#44-Ubuntu SMP Wed Jun 22 14:20:53 UTC 2022
2,9,Expected Size,CUDA,12,4.79012,6,0.00162623,4,44,12,18154,86,73,81,8.6,11.7,11.7,65536,5888,128,8334737408,4194304,1755.000122,256,7001.000488,46,NVIDIA GeForce RTX 3070,65536,102400,49152,1024,1536,32,master,2022-07-16 19:01:05 -0700,531adf1,x86_64,Intel(R) Core(TM) i7-10700K CPU @ 3.80GHz,64,32768,32768,262144,16777216,16,8,16695377920,Avocato,Linux,5.15.0-41-generic,Ubuntu 22.04 LTS,#44-Ubuntu SMP Wed Jun 22 14:20:53 UTC 2022
2,9,Entropy,CUDA,12,4.79012,6,0.00162536,4,44,12,18154,86,73,81,8.6,11.7,11.7,65536,5888,128,8334737408,4194304,1755.000122,256,7001.000488,46,NVIDIA GeForce RTX 3070,65536,102400,49152,1024,1536,32,master,2022-07-16 19:01:05 -0700,531adf1,x86_64,Intel(R) Core(TM) i7-10700K CPU @ 3.80GHz,64,32768,32768,262144,16777216,16,8,16695377920,Avocato,Linux,5.15.0-41-generic,Ubuntu 22.04 LTS,#44-Ubuntu SMP Wed Jun 22 14:20:53 UTC 2022
2,10,Knuth,CUDA,12,5.2,7,0.00190837,4,62,18,32802,96,87,100,8.6,11.7,11.7,65536,5888,128,8334737408,4194304,1755.000122,256,7001.000488,46,NVIDIA GeForce RTX 3070,65536,102400,49152,1024,1536,32,master,2022-07-16 19:01:05 -0700,531adf1,x86_64,Intel(R) Core(TM) i7-10700K CPU @ 3.80GHz,64,32768,32768,262144,16777216,16,8,16695377920,Avocato,Linux,5.15.0-41-generic,Ubuntu 22.04 LTS,#44-Ubuntu SMP Wed Jun 22 14:20:53 UTC 2022
2,10,Most Parts,CUDA,12,5.2,7,0.00182496,4,62,18,32802,96,87,100,8.6,11.7,11.7,65536,5888,128,8334737408,4194304,1755.000122,256,7001.000488,46,NVIDIA GeForce RTX 3070,65536,102400,49152,1024,1536,32,master,2022-07-16 19:01:05 -0700,531adf1,x86_64,Intel(R) Core(TM) i7-10700K CPU @ 3.80GHz,64,32768,32768,262144,16777216,16,8,16695377920,Avocato,Linux,5.15.0-41-generic,Ubuntu 22.04 LTS,#44-Ubuntu SMP Wed Jun 22 14:20:53 UTC 2022
2,10,Expected Size,CUDA,12,5.17,7,0.00195566,4,72,20,32228,99,90,100,8.6,11.7,11.7,65536,5888,128,8334737408,4194304,1755.000122,256,7001.000488,46,NVIDIA GeForce RTX 3070,65536,102400,49152,1024,1536,32,master,2022-07-16 19:01:05 -0700,531adf1,x86_64,Intel(R) Core(TM) i7-10700K CPU @ 3.80GHz,64,32768,32768,262144,16777216,16,8,16695377920,Avocato,Linux,5.15.0-41-generic,Ubuntu 22.04 LTS,#44-Ubuntu SMP Wed Jun 22 14:20:53 UTC 2022
2,10,Entropy,CUDA,12,5.17,7,0.00192474,4,72,20,32228,99,90,100,8.6,11.7,11.7,65536,5888,128,8334737408,4194304,1755.000122,256,7001.000488,46,NVIDIA GeForce RTX 3070,65536,102400,49152,1024,1536,32,master,2022-07-16 19:01:05 -0700,531adf1,x86_64,Intel(R) Core(TM) i7-10700K CPU @ 3.80GHz,64,32768,32768,262144,16777216,16,8,16695377920,Avocato,Linux,5.15.0-41-generic,Ubuntu 22.04 LTS,#44-Ubuntu SMP Wed Jun 22 14:20:53 UTC 2022
2,11,Knuth,CUDA,12,5.58678,8,0.00205593,5,78,22,53782,115,106,121,8.6,11.7,11.7,65536,5888,128,8334737408,4194304,1755.000122,256,7001.000488,46,NVIDIA GeForce RTX 3070,65536,102400,49152,1024,1536,32,master,2022-07-16 19:01:05 -0700,531adf1,x86_64,Intel(R) Core(TM) i7-10700K CPU @ 3.80GHz,64,32768,32768,262144,16777216,16,8,16695377920,Avocato,Linux,5.15.0-41-generic,Ubuntu 22.04 LTS,#44-Ubuntu SMP Wed Jun 22 14:20:53 UTC 2022
2,11,Most Parts,CUDA,12,5.56198,7,0.00189917,5,75,21,53279,116,107,121,8.6,11.7,11.7,65536,5888,128,8334737408,4194304,1755.000122,256,7001.000488,46,NVIDIA GeForce RTX 3070,65536,102400,49152,1024,1536,32,master,2022-07-16 19:01:05 -0700,531adf1,x86_64,Intel(R) Core(TM) i7-10700K CPU @ 3.80GHz,64,32768,32768,262144,16777216,16,8,16695377920,Avocato,Linux,5.15.0-41-generic,Ubuntu 22.04 LTS,#44-Ubuntu SMP Wed Jun 22 14:20:53 UTC 2022
2,11,Expected Size,CUDA,12,5.5124,7,0.00188026,5,63,17,51032,128,111,121,8.6,11.7,11.7,65536,5888,128,8334737408,4194304,1755.000122,256,7001.000488,46,NVIDIA GeForce RTX 3070,65536,102400,49152,1024,1536,32,master,2022-07-16 19:01:05 -0700,531adf1,x86_64,Intel(R) Core(TM) i7-10700K CPU @ 3.80GHz,64,32768,32768,262144,16777216,16,8,16695377920,Avocato,Linux,5.15.0-41-generic,Ubuntu 22.04 LTS,#44-Ubuntu SMP Wed Jun 22 14:20:53 UTC 2022
2,11,Entropy,CUDA,12,5.5124,7,0.00187563,5,63,17,51032,128,111,121,8.6,11.7,11.7,65536,5888,128,8334737408,4194304,1755.000122,256,7001.000488,46,NVIDIA GeForce RTX 3070,65536,102400,49152,1024,1536,32,master,2022-07-16 19:01:05 -0700,531adf1,x86_64,Intel(R) Core(TM) i7-10700K CPU @ 3.80GHz,64,32768,32768,262144,16777216,16,8,16695377920,Avocato,Linux,5.15.0-41-generic,Ubuntu 22.04 LTS,#44-Ubuntu SMP Wed Jun 22 14:20:53 UTC 2022
2,12,Knuth,CUDA,12,5.92361,8,0.00221935,5,84,24,82739,139,128,144,8.6,11.7,11.7,65536,5888,128,8334737408,4194304,1755.000122,256,7001.000488,46,NVIDIA GeForce RTX 3070,65536,102400,49152,1024,1536,32,master,2022-07-16 19:01:05 -0700,531adf1,x86_64,Intel(R) Core(TM) i7-10700K CPU @ 3.80GHz,64,32768,32768,262144,16777216,16,8,16695377920,Avocato,Linux,5.15.0-41-generic,Ubuntu 22.04 LTS,#44-Ubuntu SMP Wed Jun 22 14:20:53 UTC 2022
2,12,Most Parts,CUDA,12,5.92361,8,0.00214757,5,84,24,82739,139,128,144,8.6,11.7,11.7,65536,5888,128,8334737408,4194304,1755.000122,256,7001.000488,46,NVIDIA GeForce RTX 3070,65536,102400,49152,1024,1536,32,master,2022-07-16 19:01:05 -0700,531adf1,x86_64,Intel(R) Core(TM) i7-10700K CPU @ 3.80GHz,64,32768,32768,262144,16777216,16,8,16695377920,Avocato,Linux,5.15.0-41-generic,Ubuntu 22.04 LTS,#44-Ubuntu SMP Wed Jun 22 14:20:53 UTC 2022
2,12,Expected Size,CUDA,12,5.88194,8,0.00213276,5,99,27,81340,143,132,144,8.6,11.7,11.7,65536,5888,128,8334737408,4194304,1755.000122,256,7001.000488,46,NVIDIA GeForce RTX 3070,65536,102400,49152,1024,1536,32,master,2022-07-16 19:01:05 -0700,531adf1,x86_64,Intel(R) Core(TM) i7-10700K CPU @ 3.80GHz,64,32768,32768,262144,16777216,16,8,16695377920,Avocato,Linux,5.15.0-41-generic,Ubuntu 22.04 LTS,#44-Ubuntu SMP Wed Jun 22 14:20:53 UTC 2022
2,12,Entropy,CUDA,12,5.88194,8,0.00210289,5,99,27,81340,143,132,144,8.6,11.7,11.7,65536,5888,128,8334737408,4194304,1755.000122,256,7001.000488,46,NVIDIA GeForce RTX 3070,65536,102400,49152,1024,1536,32,master,2022-07-16 19:01:05 -0700,531adf1,x86_64,Intel(R) Core(TM) i7-10700K CPU @ 3.80GHz,64,32768,32768,262144,16777216,16,8,16695377920,Avocato,Linux,5.15.0-41-generic,Ubuntu 22.04 LTS,#44-Ubuntu SMP Wed Jun 22 14:20:53 UTC 2022
2,13,Knuth,CUDA,12,6.29586,9,0.00235856,6,100,28,124715,162,151,169,8.6,11.7,11.7,65536,5888,128,8334737408,4194304,1755.000122,256,7001.000488,46,NVIDIA GeForce RTX 3070,65536,102400,49152,1024,1536,32,master,2022-07-16 19:01:05 -0700,531adf1,x86_64,Intel(R) Core(TM) i7-10700K CPU @ 3.80GHz,64,32768,32768,262144,16777216,16,8,16695377920,Avocato,Linux,5.15.0-41-generic,Ubuntu 22.04 LTS,#44-Ubuntu SMP Wed Jun 22 14:20:53 UTC 2022
2,13,Most Parts,CUDA,12,6.27811,8,0.00215056,6,97,27,124020,163,152,169,8.6,11.7,11.7,65536,5888,128,8334737408,4194304,1755.000122,256,7001.000488,46,NVIDIA GeForce RTX 3070,65536,102400,49152,1024,1536,32,master,2022-07-16 19:01:05 -0700,531adf1,x86_64,Intel(R) Core(TM) i7-10700K CPU @ 3.80GHz,64,32768,32768,262144,16777216,16,8,16695377920,Avocato,Linux,5.15.0-41-generic,Ubuntu 22.04 LTS,#44-Ubuntu SMP Wed Jun 22 14:20:53 UTC 2022
2,13,Expected Size,CUDA,12,6.21893,8,0.00218239,6,82,22,119704,178,157,169,8.6,11.7,11.7,65536,5888,128,8334737408,4194304,1755.000122,256,7001.000488,46,NVIDIA GeForce RTX 3070,65536,102400,49152,1024,1536,32,master,2022-07-16 19:01:05 -0700,531adf1,x86_64,Intel(R) Core(TM) i7-10700K CPU @ 3.80GHz,64,32768,32768,262144,16777216,16,8,16695377920,Avocato,Linux,5.15.0-41-generic,Ubuntu 22.04 LTS,#44-Ubuntu SMP Wed Jun 22 14:20:53 UTC 2022
2,13,Entropy,CUDA,12,6.21893,8,0.00214718,6,82,22,119704,178,157,169,8.6,11.7,11.7,65536,5888,128,8334737408,4194304,1755.000122,256,7001.000488,46,NVIDIA GeForce RTX 3070,65536,102400,49152,1024,1536,32,master,2022-07-16 19:01:05 -0700,531adf1,x86_64,Intel(R) Core(TM) i7-10700K CPU @ 3.80GHz,64,32768,32768,262144,16777216,16,8,16695377920,Avocato,Linux,5.15.0-41-generic,Ubuntu 22.04 LTS,#44-Ubuntu SMP Wed Jun 22 14:20:53 UTC 2022
2,14,Knuth,CUDA,12,6.63265,9,0.0024037,6,106,30,180142,190,177,196,8.6,11.7,11.7,65536,5888,128,8334737408,4194304,1755.000122,256,7001.000488,46,NVIDIA GeForce RTX 3070,65536,102400,49152,1024,1536,32,master,2022-07-16 19:01:05 -0700,531adf1,x86_64,Intel(R) Core(TM) i7-10700K CPU @ 3.80GHz,64,32768,32768,262144,16777216,16,8,16695377920,Avocato,Linux,5.15.0-41-generic,Ubuntu 22.04 LTS,#44-Ubuntu SMP Wed Jun 22 14:20:53 UTC 2022
2,14,Most Parts,CUDA,12,6.63265,9,0.00241606,6,106,30,180142,190,177,196,8.6,11.7,11.7,65536,5888,128,8334737408,4194304,1755.000122,256,7001.000488,46,NVIDIA GeForce RTX 3070,65536,102400,49152,1024,1536,32,master,2022-07-16 19:01:05 -0700,531adf1,x86_64,Intel(R) Core(TM) i7-10700K CPU @ 3.80GHz,64,32768,32768,262144,16777216,16,8,16695377920,Avocato,Linux,5.15.0-41-generic,Ubuntu 22.04 LTS,#44-Ubuntu SMP Wed Jun 22 14:20:53 UTC 2022
2,14,Expected Size,CUDA,12,6.58163,9,0.00244022,6,126,34,177257,195,182,196,8.6,11.7,11.7,65536,5888,128,8334737408,4194304,1755.000122,256,7001.000488,46,NVIDIA GeForce RTX 3070,65536,102400,49152,1024,1536,32,master,2022-07-16 19:01:05 -0700,531adf1,x86_64,Intel(R) Core(TM) i7-10700K CPU @ 3.80GHz,64,32768,32768,262144,16777216,16,8,16695377920,Avocato,Linux,5.15.0-41-generic,Ubuntu 22.04 LTS,#44-Ubuntu SMP Wed Jun 22 14:20:53 UTC 2022
2,14,Entropy,CUDA,12,6.58673,9,0.00243864,6,126,34,177258,196,183,196,8.6,11.7,11.7,65536,5888,128,8334737408,4194304,1755.000122,256,7001.000488,46,NVIDIA GeForce RTX 3070,65536,102400,49152,1024,1536,32,master,2022-07-16 19:01:05 -0700,531adf1,x86_64,Intel(R) Core(TM) i7-10700K CPU @ 3.80GHz,64,32768,32768,262144,16777216,16,8,16695377920,Avocato,Linux,5.15.0-41-generic,Ubuntu 22.04 LTS,#44-Ubuntu SMP Wed Jun 22 14:20:53 UTC 2022
2,15,Knuth,CUDA,12,6.99556,10,0.00267768,7,122,34,255924,217,204,225,8.6,11.7,11.7,65536,5888,128,8334737408,4194304,1755.000122,256,7001.000488,46,NVIDIA GeForce RTX 3070,65536,102400,49152,1024,1536,32,master,2022-07-16 19:01:05 -0700,531adf1,x86_64,Intel(R) Core(TM) i7-10700K CPU @ 3.80GHz,64,32768,32768,262144,16777216,16,8,16695377920,Avocato,Linux,5.15.0-41-generic,Ubuntu 22.04 LTS,#44-Ubuntu SMP Wed Jun 22 14:20:53 UTC 2022
2,15,Most Parts,CUDA,12,6.98222,9,0.00247243,7,119,33,255005,218,205,225,8.6,11.7,11.7,65536,5888,128,8334737408,4194304,1755.000122,256,7001.000488,46,NVIDIA GeForce RTX 3070,65536,102400,49152,1024,1536,32,master,2022-07-16 19:01:05 -0700,531adf1,x86_64,Intel(R) Core(TM) i7-10700K CPU @ 3.80GHz,64,32768,32768,262144,16777216,16,8,16695377920,Avocato,Linux,5.15.0-41-generic,Ubuntu 22.04 LTS,#44-Ubuntu SMP Wed Jun 22 14:20:53 UTC 2022
2,15,Expected Size,CUDA,12,6.91556,9,0.00248833,7,101,27,247466,236,211,225,8.6,11.7,11.7,65536,5888,128,8334737408,4194304,1755.000122,256,7001.000488,46,NVIDIA GeForce RTX 3070,65536,102400,49152,1024,1536,32,master,2022-07-16 19:01:05 -0700,531adf1,x86_64,Intel(R) Core(TM) i7-10700K CPU @ 3.80GHz,64,32768,32768,262144,16777216,16,8,16695377920,Avocato,Linux,5.15.0-41-generic,Ubuntu 22.04 LTS,#44-Ubuntu SMP Wed Jun 22 14:20:53 UTC 2022
2,15,Entropy,CUDA,12,6.92,9,0.00255355,7,101,27,247467,237,212,225,8.6,11.7,11.7,65536,5888,128,8334737408,4194304,1755.000122,256,7001.000488,46,NVIDIA GeForce RTX 3070,65536,102400,49152,1024,1536,32,master,2022-07-16 19:01:05 -0700,531adf1,x86_64,Intel(R) Core(TM) i7-10700K CPU @ 3.80GHz,64,32768,32768,262144,16777216,16,8,16695377920,Avocato,Linux,5.15.0-41-generic,Ubuntu 22.04 LTS,#44-Ubuntu SMP Wed Jun 22 14:20:53 UTC 2022
3,2,Knuth,CUDA,112,2.25,3,0.000743515,1,3,1,27,7,6,8,8.6,11.7,11.7,65536,5888,128,8334737408,4194304,1755.000122,256,7001.000488,46,NVIDIA GeForce RTX 3070,65536,102400,49152,1024,1536,32,master,2022-07-16 19:01:05 -0700,531adf1,x86_64,Intel(R) Core(TM) i7-10700K CPU @ 3.80GHz,64,32768,32768,262144,16777216,16,8,16695377920,Avocato,Linux,5.15.0-41-generic,Ubuntu 22.04 LTS,#44-Ubuntu SMP Wed Jun 22 14:20:53 UTC 2022
3,2,Most Parts,CUDA,112,2.25,3,0.000717924,1,3,1,27,7,6,8,8.6,11.7,11.7,65536,5888,128,8334737408,4194304,1755.000122,256,7001.000488,46,NVIDIA GeForce RTX 3070,65536,102400,49152,1024,1536,32,master,2022-07-16 19:01:05 -0700,531adf1,x86_64,Intel(R) Core(TM) i7-10700K CPU @ 3.80GHz,64,32768,32768,262144,16777216,16,8,16695377920,Avocato,Linux,5.15.0-41-generic,Ubuntu 22.04 LTS,#44-Ubuntu SMP Wed Jun 22 14:20:53 UTC 2022
3,2,Expected Size,CUDA,112,2.25,3,0.000716846,1,3,1,27,7,6,8,8.6,11.7,11.7,65536,5888,128,8334737408,4194304,1755.000122,256,7001.000488,46,NVIDIA GeForce RTX 3070,65536,102400,49152,1024,1536,32,master,2022-07-16 19:01:05 -0700,531adf1,x86_64,Intel(R) Core(TM) i7-10700K CPU @ 3.80GHz,64,32768,32768,262144,16777216,16,8,16695377920,Avocato,Linux,5.15.0-41-generic,Ubuntu 22.04 LTS,#44-Ubuntu SMP Wed Jun 22 14:20:53 UTC 2022
3,2,Entropy,CUDA,112,2.25,3,0.000709987,1,3,1,27,7,6,8,8.6,11.7,11.7,65536,5888,128,8334737408,4194304,1755.000122,256,7001.000488,46,NVIDIA GeForce RTX 3070,65536,102400,49152,1024,1536,32,master,2022-07-16 19:01:05 -0700,531adf1,x86_64,Intel(R) Core(TM) i7-10700K CPU @ 3.80GHz,64,32768,32768,262144,16777216,16,8,16695377920,Avocato,Linux,5.15.0-41-generic,Ubuntu 22.04 LTS,#44-Ubuntu SMP Wed Jun 22 14:20:53 UTC 2022
3,3,Knuth,CUDA,112,2.74074,4,0.000943679,1,15,5,349,24,21,27,8.6,11.7,11.7,65536,5888,128,8334737408,4194304,1755.000122,256,7001.000488,46,NVIDIA GeForce RTX 3070,65536,102400,49152,1024,1536,32,master,2022-07-16 19:01:05 -0700,531adf1,x86_64,Intel(R) Core(TM) i7-10700K CPU @ 3.80GHz,64,32768,32768,262144,16777216,16,8,16695377920,Avocato,Linux,5.15.0-41-generic,Ubuntu 22.04 LTS,#44-Ubuntu SMP Wed Jun 22 14:20:53 UTC 2022
3,3,Most Parts,CUDA,112,2.7037,4,0.0009743,1,15,5,348,23,21,27,8.6,11.7,11.7,65536,5888,128,8334737408,4194304,1755.000122,256,7001.000488,46,NVIDIA GeForce RTX 3070,65536,102400,49152,1024,1536,32,master,2022-07-16 19:01:05 -0700,531adf1,x86_64,Intel(R) Core(TM) i7-10700K CPU @ 3.80GHz,64,32768,32768,262144,16777216,16,8,16695377920,Avocato,Linux,5.15.0-41-generic,Ubuntu 22.04 LTS,#44-Ubuntu SMP Wed Jun 22 14:20:53 UTC 2022
3,3,Expected Size,CUDA,112,2.7037,4,0.000944325,1,15,5,348,23,21,27,8.6,11.7,11.7,65536,5888,128,8334737408,4194304,1755.000122,256,7001.000488,46,NVIDIA GeForce RTX 3070,65536,102400,49152,1024,1536,32,master,2022-07-16 19:01:05 -0700,531adf1,x86_64,Intel(R) Core(TM) i7-10700K CPU @ 3.80GHz,64,32768,32768,262144,16777216,16,8,16695377920,Avocato,Linux,5.15.0-41-generic,Ubuntu 22.04 LTS,#44-Ubuntu SMP Wed Jun 22 14:20:53 UTC 2022
3,3,Entropy,CUDA,112,2.7037,4,0.000949075,1,15,5,348,23,21,27,8.6,11.7,11.7,65536,5888,128,8334737408,4194304,1755.000122,256,7001.000488,46,NVIDIA GeForce RTX 3070,65536,102400,49152,1024,1536,32,master,2022-07-16 19:01:05 -0700,531adf1,x86_64,Intel(R) Core(TM) i7-10700K CPU @ 3.80GHz,64,32768,32768,262144,16777216,16,8,16695377920,Avocato,Linux,5.15.0-41-generic,Ubuntu 22.04 LTS,#44-Ubuntu SMP Wed Jun 22 14:20:53 UTC 2022
3,4,Knuth,CUDA,112,3.26562,4,0.00113971,2,35,9,4655,68,56,64,8.6,11.7,11.7,65536,5888,128,8334737408,4194304,1755.000122,256,7001.000488,46,NVIDIA GeForce RTX 3070,65536,102400,49152,1024,1536,32,master,2022-07-16 19:01:05 -0700,531adf1,x86_64,Intel(R) Core(TM) i7-10700K CPU @ 3.80GHz,64,32768,32768,262144,16777216,16,8,16695377920,Avocato,Linux,5.15.0-41-generic,Ubuntu 22.04 LTS,#44-Ubuntu SMP Wed Jun 22 14:20:53 UTC 2022
3,4,Most Parts,CUDA,112,3.21875,4,0.00100109,2,32,8,4387,68,55,64,8.6,11.7,11.7,65536,5888,128,8334737408,4194304,1755.000122,256,7001.000488,46,NVIDIA GeForce RTX 3070,65536,102400,49152,1024,1536,32,master,2022-07-16 19:01:05 -0700,531adf1,x86_64,Intel(R) Core(TM) i7-10700K CPU @ 3.80GHz,64,32768,32768,262144,16777216,16,8,16695377920,Avocato,Linux,5.15.0-41-generic,Ubuntu 22.04 LTS,#44-Ubuntu SMP Wed Jun 22 14:20:53 UTC 2022
3,4,Expected Size,CUDA,112,3.23438,4,0.00101065,2,29,7,4379,72,57,64,8.6,11.7,11.7,65536,5888,128,8334737408,4194304,1755.000122,256,7001.000488,46,NVIDIA GeForce RTX 3070,65536,102400,49152,1024,1536,32,master,2022-07-16 19:01:05 -0700,531adf1,x86_64,Intel(R) Core(TM) i7-10700K CPU @ 3.80GHz,64,32768,32768,262144,16777216,16,8,16695377920,Avocato,Linux,5.15.0-41-generic,Ubuntu 22.04 LTS,#44-Ubuntu SMP Wed Jun 22 14:20:53 UTC 2022
3,4,Entropy,CUDA,112,3.23438,4,0.00100905,2,29,7,4379,72,57,64,8.6,11.7,11.7,65536,5888,128,8334737408,4194304,1755.000122,256,7001.000488,46,NVIDIA GeForce RTX 3070,65536,102400,49152,1024,1536,32,master,2022-07-16 19:01:05 -0700,531adf1,x86_64,Intel(R) Core(TM) i7-10700K CPU @ 3.80GHz,64,32768,32768,262144,16777216,16,8,16695377920,Avocato,Linux,5.15.0-41-generic,Ubuntu 22.04 LTS,#44-Ubuntu SMP Wed Jun 22 14:20:53 UTC 2022
3,5,Knuth,CUDA,112,3.64,5,0.00129492,2,64,20,20308,121,106,125,8.6,11.7,11.7,65536,5888,128,8334737408,4194304,1755.000122,256,7001.000488,46,NVIDIA GeForce RTX 3070,65536,102400,49152,1024,1536,32,master,2022-07-16 19:01:05 -0700,531adf1,x86_64,Intel(R) Core(TM) i7-10700K CPU @ 3.80GHz,64,32768,32768,262144,16777216,16,8,16695377920,Avocato,Linux,5.15.0-41-generic,Ubuntu 22.04 LTS,#44-Ubuntu SMP Wed Jun 22 14:20:53 UTC 2022
3,5,Most Parts,CUDA,123,3.624,5,0.00138084,3,69,23,20860,113,102,125,8.6,11.7,11.7,65536,5888,128,8334737408,4194304,1755.000122,256,7001.000488,46,NVIDIA GeForce RTX 3070,65536,102400,49152,1024,1536,32,master,2022-07-16 19:01:05 -0700,531adf1,x86_64,Intel(R) Core(TM) i7-10700K CPU @ 3.80GHz,64,32768,32768,262144,16777216,16,8,16695377920,Avocato,Linux,5.15.0-41-generic,Ubuntu 22.04 LTS,#44-Ubuntu SMP Wed Jun 22 14:20:53 UTC 2022
3,5,Expected Size,CUDA,123,3.64,5,0.00133317,2,63,21,19696,122,108,125,8.6,11.7,11.7,65536,5888,128,8334737408,4194304,1755.000122,256,7001.000488,46,NVIDIA GeForce RTX 3070,65536,102400,49152,1024,1536,32,master,2022-07-16 19:01:05 -0700,531adf1,x86_64,Intel(R) Core(TM) i7-10700K CPU @ 3.80GHz,64,32768,32768,262144,16777216,16,8,16695377920,Avocato,Linux,5.15.0-41-generic,Ubuntu 22.04 LTS,#44-Ubuntu SMP Wed Jun 22 14:20:53 UTC 2022
3,5,Entropy,CUDA,123,3.624,5,0.00134228,2,63,21,19696,120,107,125,8.6,11.7,11.7,65536,5888,128,8334737408,4194304,1755.000122,256,7001.000488,46,NVIDIA GeForce RTX 3070,65536,102400,49152,1024,1536,32,master,2022-07-16 19:01:05 -0700,531adf1,x86_64,Intel(R) Core(TM) i7-10700K CPU @ 3.80GHz,64,32768,32768,262144,16777216,16,8,16695377920,Avocato,Linux,5.15.0-41-generic,Ubuntu 22.04 LTS,#44-Ubuntu SMP Wed Jun 22 14:20:53 UTC 2022
3,6,Knuth,CUDA,123,4.0463,5,0.00142456,3,93,31,82076,231,185,216,8.6,11.7,11.7,65536,5888,128,8334737408,4194304,1755.000122,256,7001.000488,46,NVIDIA GeForce RTX 3070,65536,102400,49152,1024,1536,32,master,2022-07-16 19:01:05 -0700,531adf1,x86_64,Intel(R) Core(TM) i7-10700K CPU @ 3.80GHz,64,32768,32768,262144,16777216,16,8,16695377920,Avocato,Linux,5.15.0-41-generic,Ubuntu 22.04 LTS,#44-Ubuntu SMP Wed Jun 22 14:20:53 UTC 2022
3,6,Most Parts,CUDA,123,3.97685,5,0.00142185,3,108,36,85152,209,184,216,8.6,11.7,11.7,65536,5888,128,8334737408,4194304,1755.000122,256,7001.000488,46,NVIDIA GeForce RTX 3070,65536,102400,49152,1024,1536,32,master,2022-07-16 19:01:05 -0700,531adf1,x86_64,Intel(R) Core(TM) i7-10700K CPU @ 3.80GHz,64,32768,32768,262144,16777216,16,8,16695377920,Avocato,Linux,5.15.0-41-generic,Ubuntu 22.04 LTS,#44-Ubuntu SMP Wed Jun 22 14:20:53 UTC 2022
3,6,Expected Size,CUDA,123,3.97685,5,0.00145593,3,93,31,83362,225,188,216,8.6,11.7,11.7,65536,5888,128,8334737408,4194304,1755.000122,256,7001.000488,46,NVIDIA GeForce RTX 3070,65536,102400,49152,1024,1536,32,master,2022-07-16 19:01:05 -0700,531adf1,x86_64,Intel(R) Core(TM) i7-10700K CPU @ 3.80GHz,64,32768,32768,262144,16777216,16,8,16695377920,Avocato,Linux,5.15.0-41-generic,Ubuntu 22.04 LTS,#44-Ubuntu SMP Wed Jun 22 14:20:53 UTC 2022
3,6,Entropy,CUDA,123,3.98611,5,0.00142992,3,93,31,85102,227,191,216,8.6,11.7,11.7,65536,5888,128,8334737408,4194304,1755.000122,256,7001.000488,46,NVIDIA GeForce RTX 3070,65536,102400,49152,1024,1536,32,master,2022-07-16 19:01:05 -0700,531adf1,x86_64,Intel(R) Core(TM) i7-10700K CPU @ 3.80GHz,64,32768,32768,262144,16777216,16,8,16695377920,Avocato,Linux,5.15.0-41-generic,Ubuntu 22.04 LTS,#44-Ubuntu SMP Wed Jun 22 14:20:53 UTC 2022
3,7,Knuth,CUDA,123,4.41399,6,0.00168285,3,147,49,246048,380,306,343,8.6,11.7,11.7,65536,5888,128,8334737408,4194304,1755.000122,256,7001.000488,46,NVIDIA GeForce RTX 3070,65536,102400,49152,1024,1536,32,master,2022-07-16 19:01:05 -0700,531adf1,x86_64,Intel(R) Core(TM) i7-10700K CPU @ 3.80GHz,64,32768,32768,262144,16777216,16,8,16695377920,Avocato,Linux,5.15.0-41-generic,Ubuntu 22.04 LTS,#44-Ubuntu SMP Wed Jun 22 14:20:53 UTC 2022
3,7,Most Parts,CUDA,123,4.34985,6,0.00173856,3,171,57,251739,342,297,343,8.6,11.7,11.7,65536,5888,128,8334737408,4194304,1755.000122,256,7001.000488,46,NVIDIA GeForce RTX 3070,65536,102400,49152,1024,1536,32,master,2022-07-16 19:01:05 -0700,531adf1,x86_64,Intel(R) Core(TM) i7-10700K CPU @ 3.80GHz,64,32768,32768,262144,16777216,16,8,16695377920,Avocato,Linux,5.15.0-41-generic,Ubuntu 22.04 LTS,#44-Ubuntu SMP Wed Jun 22 14:20:53 UTC 2022
3,7,Expected Size,CUDA,123,4.34111,6,0.00165855,3,156,52,242810,364,301,343,8.6,11.7,11.7,65536,5888,128,8334737408,4194304,1755.000122,256,7001.000488,46,NVIDIA GeForce RTX 3070,65536,102400,49152,1024,1536,32,master,2022-07-16 19:01:05 -0700,531adf1,x86_64,Intel(R) Core(TM) i7-10700K CPU @ 3.80GHz,64,32768,32768,262144,16777216,16,8,16695377920,Avocato,Linux,5.15.0-41-generic,Ubuntu 22.04 LTS,#44-Ubuntu SMP Wed Jun 22 14:20:53 UTC 2022
3,7,Entropy,CUDA,123,4.33528,6,0.00167408,3,150,50,240659,362,301,343,8.6,11.7,11.7,65536,5888,128,8334737408,4194304,1755.000122,256,7001.000488,46,NVIDIA GeForce RTX 3070,65536,102400,49152,1024,1536,32,master,2022-07-16 19:01:05 -0700,531adf1,x86_64,Intel(R) Core(TM) i7-10700K CPU @ 3.80GHz,64,32768,32768,262144,16777216,16,8,16695377920,Avocato,Linux,5.15.0-41-generic,Ubuntu 22.04 LTS,#44-Ubuntu SMP Wed Jun 22 14:20:53 UTC 2022
3,8,Knuth,CUDA,123,4.78711,6,0.00186796,4,261,87,666360,549,461,512,8.6,11.7,11.7,65536,5888,128,8334737408,4194304,1755.000122,256,7001.000488,46,NVIDIA GeForce RTX 3070,65536,102400,49152,1024,1536,32,master,2022-07-16 19:01:05 -0700,531adf1,x86_64,Intel(R) Core(TM) i7-10700K CPU @ 3.80GHz,64,32768,32768,262144,16777216,16,8,16695377920,Avocato,Linux,5.15.0-41-generic,Ubuntu 22.04 LTS,#44-Ubuntu SMP Wed Jun 22 14:20:53 UTC 2022
3,8,Most Parts,CUDA,123,4.70117,6,0.00189149,4,279,93,671218,514,462,512,8.6,11.7,11.7,65536,5888,128,8334737408,4194304,1755.000122,256,7001.000488,46,NVIDIA GeForce RTX 3070,65536,102400,49152,1024,1536,32,master,2022-07-16 19:01:05 -0700,531adf1,x86_64,Intel(R) Core(TM) i7-10700K CPU @ 3.80GHz,64,32768,32768,262144,16777216,16,8,16695377920,Avocato,Linux,5.15.0-41-generic,Ubuntu 22.04 LTS,#44-Ubuntu SMP Wed Jun 22 14:20:53 UTC 2022
3,8,Expected Size,CUDA,123,4.69336,6,0.00189295,4,264,88,645654,538,471,512,8.6,11.7,11.7,65536,5888,128,8334737408,4194304,1755.000122,256,7001.000488,46,NVIDIA GeForce RTX 3070,65536,102400,49152,1024,1536,32,master,2022-07-16 19:01:05 -0700,531adf1,x86_64,Intel(R) Core(TM) i7-10700K CPU @ 3.80GHz,64,32768,32768,262144,16777216,16,8,16695377920,Avocato,Linux,5.15.0-41-generic,Ubuntu 22.04 LTS,#44-Ubuntu SMP Wed Jun 22 14:20:53 UTC 2022
3,8,Entropy,CUDA,123,4.67773,6,0.0018542,4,268,89,648610,529,470,512,8.6,11.7,11.7,65536,5888,128,8334737408,4194304,1755.000122,256,7001.000488,46,NVIDIA GeForce RTX 3070,65536,102400,49152,1024,1536,32,master,2022-07-16 19:01:05 -0700,531adf1,x86_64,Intel(R) Core(TM) i7-10700K CPU @ 3.80GHz,64,32768,32768,262144,16777216,16,8,16695377920,Avocato,Linux,5.15.0-41-generic,Ubuntu 22.04 LTS,#44-Ubuntu SMP Wed Jun 22 14:20:53 UTC 2022
3,9,Knuth,CUDA,123,5.18244,7,0.00216145,4,417,139,1552939,775,654,729,8.6,11.7,11.7,65536,5888,128,8334737408,4194304,1755.000122,256,7001.000488,46,NVIDIA GeForce RTX 3070,65536,102400,49152,1024,1536,32,master,2022-07-16 19:01:05 -0700,531adf1,x86_64,Intel(R) Core(TM) i7-10700K CPU @ 3.80GHz,64,32768,32768,262144,16777216,16,8,16695377920,Avocato,Linux,5.15.0-41-generic,Ubuntu 22.04 LTS,#44-Ubuntu SMP Wed Jun 22 14:20:53 UTC 2022
3,9,Most Parts,CUDA,123,5.03155,7,0.00219841,4,399,133,1533518,757,660,729,8.6,11.7,11.7,65536,5888,128,8334737408,4194304,1755.000122,256,7001.000488,46,NVIDIA GeForce RTX 3070,65536,102400,49152,1024,1536,32,master,2022-07-16 19:01:05 -0700,531adf1,x86_64,Intel(R) Core(TM) i7-10700K CPU @ 3.80GHz,64,32768,32768,262144,16777216,16,8,16695377920,Avocato,Linux,5.15.0-41-generic,Ubuntu 22.04 LTS,#44-Ubuntu SMP Wed Jun 22 14:20:53 UTC 2022
3,9,Expected Size,CUDA,123,5.00549,7,0.0021757,4,348,116,1488796,807,673,729,8.6,11.7,11.7,65536,5888,128,8334737408,4194304,1755.000122,256,7001.000488,46,NVIDIA GeForce RTX 3070,65536,102400,49152,1024,1536,32,master,2022-07-16 19:01:05 -0700,531adf1,x86_64,Intel(R) Core(TM) i7-10700K CPU @ 3.80GHz,64,32768,32768,262144,16777216,16,8,16695377920,Avocato,Linux,5.15.0-41-generic,Ubuntu 22.04 LTS,#44-Ubuntu SMP Wed Jun 22 14:20:53 UTC 2022
3,9,Entropy,CUDA,123,5.00137,7,0.00216681,4,336,112,1490245,820,680,729,8.6,11.7,11.7,65536,5888,128,8334737408,4194304,1755.000122,256,7001.000488,46,NVIDIA GeForce RTX 3070,65536,102400,49152,1024,1536,32,master,2022-07-16 19:01:05 -0700,531adf1,x86_64,Intel(R) Core(TM) i7-10700K CPU @ 3.80GHz,64,32768,32768,262144,16777216,16,8,16695377920,Avocato,Linux,5.15.0-41-generic,Ubuntu 22.04 LTS,#44-Ubuntu SMP Wed Jun 22 14:20:53 UTC 2022
3,10,Knuth,CUDA,123,5.505,7,0.00241003,5,495,165,3239900,1157,926,1000,8.6,11.7,11.7,65536,5888,128,8334737408,4194304,1755.000122,256,7001.000488,46,NVIDIA GeForce RTX 3070,65536,102400,49152,1024,1536,32,master,2022-07-16 19:01:05 -0700,531adf1,x86_64,Intel(R) Core(TM) i7-10700K CPU @ 3.80GHz,64,32768,32768,262144,16777216,16,8,16695377920,Avocato,Linux,5.15.0-41-generic,Ubuntu 22.04 LTS,#44-Ubuntu SMP Wed Jun 22 14:20:53 UTC 2022
3,10,Most Parts,CUDA,123,5.377,7,0.00241377,5,630,210,3236027,1007,910,1000,8.6,11.7,11.7,65536,5888,128,8334737408,4194304,1755.000122,256,7001.000488,46,NVIDIA GeForce RTX 3070,65536,102400,49152,1024,1536,32,master,2022-07-16 19:01:05 -0700,531adf1,x86_64,Intel(R) Core(TM) i7-10700K CPU @ 3.80GHz,64,32768,32768,262144,16777216,16,8,16695377920,Avocato,Linux,5.15.0-41-generic,Ubuntu 22.04 LTS,#44-Ubuntu SMP Wed Jun 22 14:20:53 UTC 2022
3,10,Expected Size,CUDA,123,5.392,7,0.00226911,4,507,169,3147410,1126,937,1000,8.6,11.7,11.7,65536,5888,128,8334737408,4194304,1755.000122,256,7001.000488,46,NVIDIA GeForce RTX 3070,65536,102400,49152,1024,1536,32,master,2022-07-16 19:01:05 -0700,531adf1,x86_64,Intel(R) Core(TM) i7-10700K CPU @ 3.80GHz,64,32768,32768,262144,16777216,16,8,16695377920,Avocato,Linux,5.15.0-41-generic,Ubuntu 22.04 LTS,#44-Ubuntu SMP Wed Jun 22 14:20:53 UTC 2022
3,10,Entropy,CUDA,123,5.309,7,0.00226669,4,522,174,3066171,1087,920,1000,8.6,11.7,11.7,65536,5888,128,8334737408,4194304,1755.000122,256,7001.000488,46,NVIDIA GeForce RTX 3070,65536,102400,49152,1024,1536,32,master,2022-07-16 19:01:05 -0700,531adf1,x86_64,Intel(R) Core(TM) i7-10700K CPU @ 3.80GHz,64,32768,32768,262144,16777216,16,8,16695377920,Avocato,Linux,5.15.0-41-generic,Ubuntu 22.04 LTS,#44-Ubuntu SMP Wed Jun 22 14:20:53 UTC 2022
3,11,Knuth,CUDA,123,5.81067,7,0.0026341,5,759,253,6293479,1492,1225,1331,8.6,11.7,11.7,65536,5888,128,8334737408,4194304,1755.000122,256,7001.000488,46,NVIDIA GeForce RTX 3070,65536,102400,49152,1024,1536,32,master,2022-07-16 19:01:05 -0700,531adf1,x86_64,Intel(R) Core(TM) i7-10700K CPU @ 3.80GHz,64,32768,32768,262144,16777216,16,8,16695377920,Avocato,Linux,5.15.0-41-generic,Ubuntu 22.04 LTS,#44-Ubuntu SMP Wed Jun 22 14:20:53 UTC 2022
3,11,Most Parts,CUDA,123,5.70774,8,0.00279117,5,843,281,6375811,1388,1248,1331,8.6,11.7,11.7,65536,5888,128,8334737408,4194304,1755.000122,256,7001.000488,46,NVIDIA GeForce RTX 3070,65536,102400,49152,1024,1536,32,master,2022-07-16 19:01:05 -0700,531adf1,x86_64,Intel(R) Core(TM) i7-10700K CPU @ 3.80GHz,64,32768,32768,262144,16777216,16,8,16695377920,Avocato,Linux,5.15.0-41-generic,Ubuntu 22.04 LTS,#44-Ubuntu SMP Wed Jun 22 14:20:53 UTC 2022
3,11,Expected Size,CUDA,123,5.69947,7,0.00243211,5,726,242,6120529,1500,1262,1331,8.6,11.7,11.7,65536,5888,128,8334737408,4194304,1755.000122,256,7001.000488,46,NVIDIA GeForce RTX 3070,65536,102400,49152,1024,1536,32,master,2022-07-16 19:01:05 -0700,531adf1,x86_64,Intel(R) Core(TM) i7-10700K CPU @ 3.80GHz,64,32768,32768,262144,16777216,16,8,16695377920,Avocato,Linux,5.15.0-41-generic,Ubuntu 22.04 LTS,#44-Ubuntu SMP Wed Jun 22 14:20:53 UTC 2022
3,11,Entropy,CUDA,123,5.64388,7,0.0025086,5,753,251,6098395,1472,1263,1331,8.6,11.7,11.7,65536,5888,128,8334737408,4194304,1755.000122,256,7001.000488,46,NVIDIA GeForce RTX 3070,65536,102400,49152,1024,1536,32,master,2022-07-16 19:01:05 -0700,531adf1,x86_64,Intel(R) Core(TM) i7-10700K CPU @ 3.80GHz,64,32768,32768,262144,16777216,16,8,16695377920,Avocato,Linux,5.15.0-41-generic,Ubuntu 22.04 LTS,#44-Ubuntu SMP Wed Jun 22 14:20:53 UTC 2022
3,12,Knuth,CUDA,123,6.12905,8,0.00285616,5,1089,363,11574141,1876,1588,1728,8.6,11.7,11.7,65536,5888,128,8334737408,4194304,1755.000122,256,7001.000488,46,NVIDIA GeForce RTX 3070,65536,102400,49152,1024,1536,32,master,2022-07-16 19:01:05 -0700,531adf1,x86_64,Intel(R) Core(TM) i7-10700K CPU @ 3.80GHz,64,32768,32768,262144,16777216,16,8,16695377920,Avocato,Linux,5.15.0-41-generic,Ubuntu 22.04 LTS,#44-Ubuntu SMP Wed Jun 22 14:20:53 UTC 2022
3,12,Most Parts,CUDA,123,6.03472,8,0.00295552,6,1155,385,11708574,1785,1612,1728,8.6,11.7,11.7,65536,5888,128,8334737408,4194304,1755.000122,256,7001.000488,46,NVIDIA GeForce RTX 3070,65536,102400,49152,1024,1536,32,master,2022-07-16 19:01:05 -0700,531adf1,x86_64,Intel(R) Core(TM) i7-10700K CPU @ 3.80GHz,64,32768,32768,262144,16777216,16,8,16695377920,Avocato,Linux,5.15.0-41-generic,Ubuntu 22.04 LTS,#44-Ubuntu SMP Wed Jun 22 14:20:53 UTC 2022
3,12,Expected Size,CUDA,123,5.98322,8,0.00278967,5,930,310,11164205,1974,1631,1728,8.6,11.7,11.7,65536,5888,128,8334737408,4194304,1755.000122,256,7001.000488,46,NVIDIA GeForce RTX 3070,65536,102400,49152,1024,1536,32,master,2022-07-16 19:01:05 -0700,531adf1,x86_64,Intel(R) Core(TM) i7-10700K CPU @ 3.80GHz,64,32768,32768,262144,16777216,16,8,16695377920,Avocato,Linux,5.15.0-41-generic,Ubuntu 22.04 LTS,#44-Ubuntu SMP Wed Jun 22 14:20:53 UTC 2022
3,12,Entropy,CUDA,123,5.93403,8,0.00271067,5,894,298,11050237,1991,1638,1728,8.6,11.7,11.7,65536,5888,128,8334737408,4194304,1755.000122,256,7001.000488,46,NVIDIA GeForce RTX 3070,65536,102400,49152,1024,1536,32,master,2022-07-16 19:01:05 -0700,531adf1,x86_64,Intel(R) Core(TM) i7-10700K CPU @ 3.80GHz,64,32768,32768,262144,16777216,16,8,16695377920,Avocato,Linux,5.15.0-41-generic,Ubuntu 22.04 LTS,#44-Ubuntu SMP Wed Jun 22 14:20:53 UTC 2022
3,13,Knuth,CUDA,123,6.43286,8,0.00302824,6,1206,402,20124334,2594,2065,2197,8.6,11.7,11.7,65536,5888,128,8334737408,4194304,1755.000122,256,7001.000488,46,NVIDIA GeForce RTX 3070,65536,102400,49152,1024,1536,32,master,2022-07-16 19:01:05 -0700,531adf1,x86_64,Intel(R) Core(TM) i7-10700K CPU @ 3.80GHz,64,32768,32768,262144,16777216,16,8,16695377920,Avocato,Linux,5.15.0-41-generic,Ubuntu 22.04 LTS,#44-Ubuntu SMP Wed Jun 22 14:20:53 UTC 2022
3,13,Most Parts,CUDA,123,6.36732,9,0.00346031,7,1554,518,20572084,2272,2072,2197,8.6,11.7,11.7,65536,5888,128,8334737408,4194304,1755.000122,256,7001.000488,46,NVIDIA GeForce RTX 3070,65536,102400,49152,1024,1536,32,master,2022-07-16 19:01:05 -0700,531adf1,x86_64,Intel(R) Core(TM) i7-10700K CPU @ 3.80GHz,64,32768,32768,262144,16777216,16,8,16695377920,Avocato,Linux,5.15.0-41-generic,Ubuntu 22.04 LTS,#44-Ubuntu SMP Wed Jun 22 14:20:53 UTC 2022
3,13,Expected Size,CUDA,123,6.30769,8,0.00298539,5,1218,406,19602641,2550,2102,2197,8.6,11.7,11.7,65536,5888,128,8334737408,4194304,1755.000122,256,7001.000488,46,NVIDIA GeForce RTX 3070,65536,102400,49152,1024,1536,32,master,2022-07-16 19:01:05 -0700,531adf1,x86_64,Intel(R) Core(TM) i7-10700K CPU @ 3.80GHz,64,32768,32768,262144,16777216,16,8,16695377920,Avocato,Linux,5.15.0-41-generic,Ubuntu 22.04 LTS,#44-Ubuntu SMP Wed Jun 22 14:20:53 UTC 2022
3,13,Entropy,CUDA,123,6.28129,8,0.00301316,5,1236,412,19481846,2524,2093,2197,8.6,11.7,11.7,65536,5888,128,8334737408,4194304,1755.000122,256,7001.000488,46,NVIDIA GeForce RTX 3070,65536,102400,49152,1024,1536,32,master,2022-07-16 19:01:05 -0700,531adf1,x86_64,Intel(R) Core(TM) i7-10700K CPU @ 3.80GHz,64,32768,32768,262144,16777216,16,8,16695377920,Avocato,Linux,5.15.0-41-generic,Ubuntu 22.04 LTS,#44-Ubuntu SMP Wed Jun 22 14:20:53 UTC 2022
3,14,Knuth,CUDA,123,6.70845,8,0.00344616,7,1614,538,33365298,3179,2560,2744,8.6,11.7,11.7,65536,5888,128,8334737408,4194304,1755.000122,256,7001.000488,46,NVIDIA GeForce RTX 3070,65536,102400,49152,1024,1536,32,master,2022-07-16 19:01:05 -0700,531adf1,x86_64,Intel(R) Core(TM) i7-10700K CPU @ 3.80GHz,64,32768,32768,262144,16777216,16,8,16695377920,Avocato,Linux,5.15.0-41-generic,Ubuntu 22.04 LTS,#44-Ubuntu SMP Wed Jun 22 14:20:53 UTC 2022
3,14,Most Parts,CUDA,123,6.69278,9,0.00398285,8,1977,659,34634326,2870,2619,2744,8.6,11.7,11.7,65536,5888,128,8334737408,4194304,1755.000122,256,7001.000488,46,NVIDIA GeForce RTX 3070,65536,102400,49152,1024,1536,32,master,2022-07-16 19:01:05 -0700,531adf1,x86_64,Intel(R) Core(TM) i7-10700K CPU @ 3.80GHz,64,32768,32768,262144,16777216,16,8,16695377920,Avocato,Linux,5.15.0-41-generic,Ubuntu 22.04 LTS,#44-Ubuntu SMP Wed Jun 22 14:20:53 UTC 2022
3,14,Expected Size,CUDA,123,6.60168,8,0.00349255,7,1539,513,32673475,3209,2635,2744,8.6,11.7,11.7,65536,5888,128,8334737408,4194304,1755.000122,256,7001.000488,46,NVIDIA GeForce RTX 3070,65536,102400,49152,1024,1536,32,master,2022-07-16 19:01:05 -0700,531adf1,x86_64,Intel(R) Core(TM) i7-10700K CPU @ 3.80GHz,64,32768,32768,262144,16777216,16,8,16695377920,Avocato,Linux,5.15.0-41-generic,Ubuntu 22.04 LTS,#44-Ubuntu SMP Wed Jun 22 14:20:53 UTC 2022
3,14,Entropy,CUDA,123,6.5758,8,0.00354402,7,1575,525,32610998,3186,2637,2744,8.6,11.7,11.7,65536,5888,128,8334737408,4194304,1755.000122,256,7001.000488,46,NVIDIA GeForce RTX 3070,65536,102400,49152,1024,1536,32,master,2022-07-16 19:01:05 -0700,531adf1,x86_64,Intel(R) Core(TM) i7-10700K CPU @ 3.80GHz,64,32768,32768,262144,16777216,16,8,16695377920,Avocato,Linux,5.15.0-41-generic,Ubuntu 22.04 LTS,#44-Ubuntu SMP Wed Jun 22 14:20:53 UTC 2022
3,15,Knuth,CUDA,123,7.00059,9,0.00412682,8,2169,723,54072587,3741,3147,3375,8.6,11.7,11.7,65536,5888,128,8334737408,4194304,1755.000122,256,7001.000488,46,NVIDIA GeForce RTX 3070,65536,102400,49152,1024,1536,32,master,2022-07-16 19:01:05 -0700,531adf1,x86_64,Intel(R) Core(TM) i7-10700K CPU @ 3.80GHz,64,32768,32768,262144,16777216,16,8,16695377920,Avocato,Linux,5.15.0-41-generic,Ubuntu 22.04 LTS,#44-Ubuntu SMP Wed Jun 22 14:20:53 UTC 2022
3,15,Most Parts,CUDA,123,7.01689,10,0.00457398,9,2472,824,56079986,3508,3218,3375,8.6,11.7,11.7,65536,5888,128,8334737408,4194304,1755.000122,256,7001.000488,46,NVIDIA GeForce RTX 3070,65536,102400,49152,1024,1536,32,master,2022-07-16 19:01:05 -0700,531adf1,x86_64,Intel(R) Core(TM) i7-10700K CPU @ 3.80GHz,64,32768,32768,262144,16777216,16,8,16695377920,Avocato,Linux,5.15.0-41-generic,Ubuntu 22.04 LTS,#44-Ubuntu SMP Wed Jun 22 14:20:53 UTC 2022
3,15,Expected Size,CUDA,123,6.87378,9,0.00393233,7,1872,624,52519289,3944,3224,3375,8.6,11.7,11.7,65536,5888,128,8334737408,4194304,1755.000122,256,7001.000488,46,NVIDIA GeForce RTX 3070,65536,102400,49152,1024,1536,32,master,2022-07-16 19:01:05 -0700,531adf1,x86_64,Intel(R) Core(TM) i7-10700K CPU @ 3.80GHz,64,32768,32768,262144,16777216,16,8,16695377920,Avocato,Linux,5.15.0-41-generic,Ubuntu 22.04 LTS,#44-Ubuntu SMP Wed Jun 22 14:20:53 UTC 2022
3,15,Entropy,CUDA,123,6.84948,9,0.00392587,7,1851,617,52326875,3950,3232,3375,8.6,11.7,11.7,65536,5888,128,8334737408,4194304,1755.000122,256,7001.000488,46,NVIDIA GeForce RTX 3070,65536,102400,49152,1024,1536,32,master,2022-07-16 19:01:05 -0700,531adf1,x86_64,Intel(R) Core(TM) i7-10700K CPU @ 3.80GHz,64,32768,32768,262144,16777216,16,8,16695377920,Avocato,Linux,5.15.0-41-generic,Ubuntu 22.04 LTS,#44-Ubuntu SMP Wed Jun 22 14:20:53 UTC 2022
4,2,Knuth,CUDA,1112,2.75,4,0.00094259,1,12,4,295,15,11,16,8.6,11.7,11.7,65536,5888,128,8334737408,4194304,1755.000122,256,7001.000488,46,NVIDIA GeForce RTX 3070,65536,102400,49152,1024,1536,32,master,2022-07-16 19:01:05 -0700,531adf1,x86_64,Intel(R) Core(TM) i7-10700K CPU @ 3.80GHz,64,32768,32768,262144,16777216,16,8,16695377920,Avocato,Linux,5.15.0-41-generic,Ubuntu 22.04 LTS,#44-Ubuntu SMP Wed Jun 22 14:20:53 UTC 2022
4,2,Most Parts,CUDA,1112,2.75,4,0.000912341,1,12,4,295,15,11,16,8.6,11.7,11.7,65536,5888,128,8334737408,4194304,1755.000122,256,7001.000488,46,NVIDIA GeForce RTX 3070,65536,102400,49152,1024,1536,32,master,2022-07-16 19:01:05 -0700,531adf1,x86_64,Intel(R) Core(TM) i7-10700K CPU @ 3.80GHz,64,32768,32768,262144,16777216,16,8,16695377920,Avocato,Linux,5.15.0-41-generic,Ubuntu 22.04 LTS,#44-Ubuntu SMP Wed Jun 22 14:20:53 UTC 2022
4,2,Expected Size,CUDA,1112,2.75,4,0.000910781,1,12,4,295,15,11,16,8.6,11.7,11.7,65536,5888,128,8334737408,4194304,1755.000122,256,7001.000488,46,NVIDIA GeForce RTX 3070,65536,102400,49152,1024,1536,32,master,2022-07-16 19:01:05 -0700,531adf1,x86_64,Intel(R) Core(TM) i7-10700K CPU @ 3.80GHz,64,32768,32768,262144,16777216,16,8,16695377920,Avocato,Linux,5.15.0-41-generic,Ubuntu 22.04 LTS,#44-Ubuntu SMP Wed Jun 22 14:20:53 UTC 2022
4,2,Entropy,CUDA,1112,2.75,4,0.000888326,1,12,4,295,15,11,16,8.6,11.7,11.7,65536,5888,128,8334737408,4194304,1755.000122,256,7001.000488,46,NVIDIA GeForce RTX 3070,65536,102400,49152,1024,1536,32,master,2022-07-16 19:01:05 -0700,531adf1,x86_64,Intel(R) Core(TM) i7-10700K CPU @ 3.80GHz,64,32768,32768,262144,16777216,16,8,16695377920,Avocato,Linux,5.15.0-41-generic,Ubuntu 22.04 LTS,#44-Ubuntu SMP Wed Jun 22 14:20:53 UTC 2022
4,3,Knuth,CUDA,1123,3.07407,4,0.00089734,1,32,8,5883,92,73,81,8.6,11.7,11.7,65536,5888,128,8334737408,4194304,1755.000122,256,7001.000488,46,NVIDIA GeForce RTX 3070,65536,102400,49152,1024,1536,32,master,2022-07-16 19:01:05 -0700,531adf1,x86_64,Intel(R) Core(TM) i7-10700K CPU @ 3.80GHz,64,32768,32768,262144,16777216,16,8,16695377920,Avocato,Linux,5.15.0-41-generic,Ubuntu 22.04 LTS,#44-Ubuntu SMP Wed Jun 22 14:20:53 UTC 2022
4,3,Most Parts,CUDA,1123,3.03704,4,0.000961373,1,32,8,5880,89,75,81,8.6,11.7,11.7,65536,5888,128,8334737408,4194304,1755.000122,256,7001.000488,46,NVIDIA GeForce RTX 3070,65536,102400,49152,1024,1536,32,master,2022-07-16 19:01:05 -0700,531adf1,x86_64,Intel(R) Core(TM) i7-10700K CPU @ 3.80GHz,64,32768,32768,262144,16777216,16,8,16695377920,Avocato,Linux,5.15.0-41-generic,Ubuntu 22.04 LTS,#44-Ubuntu SMP Wed Jun 22 14:20:53 UTC 2022
4,3,Expected Size,CUDA,1123,3.03704,4,0.000940033,1,32,8,5880,89,75,81,8.6,11.7,11.7,65536,5888,128,8334737408,4194304,1755.000122,256,7001.000488,46,NVIDIA GeForce RTX 3070,65536,102400,49152,1024,1536,32,master,2022-07-16 19:01:05 -0700,531adf1,x86_64,Intel(R) Core(TM) i7-10700K CPU @ 3.80GHz,64,32768,32768,262144,16777216,16,8,16695377920,Avocato,Linux,5.15.0-41-generic,Ubuntu 22.04 LTS,#44-Ubuntu SMP Wed Jun 22 14:20:53 UTC 2022
4,3,Entropy,CUDA,1123,3.03704,4,0.000910458,1,32,8,5880,89,75,81,8.6,11.7,11.7,65536,5888,128,8334737408,4194304,1755.000122,256,7001.000488,46,NVIDIA GeForce RTX 3070,65536,102400,49152,1024,1536,32,master,2022-07-16 19:01:05 -0700,531adf1,x86_64,Intel(R) Core(TM) i7-10700K CPU @ 3.80GHz,64,32768,32768,262144,16777216,16,8,16695377920,Avocato,Linux,5.15.0-41-generic,Ubuntu 22.04 LTS,#44-Ubuntu SMP Wed Jun 22 14:20:53 UTC 2022
4,4,Knuth,CUDA,1123,3.58984,4,0.00114003,2,141,46,73055,234,212,256,8.6,11.7,11.7,65536,5888,128,8334737408,4194304,1755.000122,256,7001.000488,46,NVIDIA GeForce RTX 3070,65536,102400,49152,1024,1536,32,master,2022-07-16 19:01:05 -0700,531adf1,x86_64,Intel(R) Core(TM) i7-10700K CPU @ 3.80GHz,64,32768,32768,262144,16777216,16,8,16695377920,Avocato,Linux,5.15.0-41-generic,Ubuntu 22.04 LTS,#44-Ubuntu SMP Wed Jun 22 14:20:53 UTC 2022
4,4,Most Parts,CUDA,1123,3.55469,5,0.0012114,2,108,35,77528,247,216,256,8.6,11.7,11.7,65536,5888,128,8334737408,4194304,1755.000122,256,7001.000488,46,NVIDIA GeForce RTX 3070,65536,102400,49152,1024,1536,32,master,2022-07-16 19:01:05 -0700,531adf1,x86_64,Intel(R) Core(TM) i7-10700K CPU @ 3.80GHz,64,32768,32768,262144,16777216,16,8,16695377920,Avocato,Linux,5.15.0-41-generic,Ubuntu 22.04 LTS,#44-Ubuntu SMP Wed Jun 22 14:20:53 UTC 2022
4,4,Expected Size,CUDA,1123,3.57812,4,0.00108964,2,135,44,71469,240,213,256,8.6,11.7,11.7,65536,5888,128,8334737408,4194304,1755.000122,256,7001.000488,46,NVIDIA GeForce RTX 3070,65536,102400,49152,1024,1536,32,master,2022-07-16 19:01:05 -0700,531adf1,x86_64,Intel(R) Core(TM) i7-10700K CPU @ 3.80GHz,64,32768,32768,262144,16777216,16,8,16695377920,Avocato,Linux,5.15.0-41-generic,Ubuntu 22.04 LTS,#44-Ubuntu SMP Wed Jun 22 14:20:53 UTC 2022
4,4,Entropy,CUDA,1123,3.55859,4,0.00106458,2,129,42,70979,238,214,256,8.6,11.7,11.7,65536,5888,128,8334737408,4194304,1755.000122,256,7001.000488,46,NVIDIA GeForce RTX 3070,65536,102400,49152,1024,1536,32,master,2022-07-16 19:01:05 -0700,531adf1,x86_64,Intel(R) Core(TM) i7-10700K CPU @ 3.80GHz,64,32768,32768,262144,16777216,16,8,16695377920,Avocato,Linux,5.15.0-41-generic,Ubuntu 22.04 LTS,#44-Ubuntu SMP Wed Jun 22 14:20:53 UTC 2022
4,5,Knuth,CUDA,1123,4.0336,5,0.00145543,3,248,82,684812,661,551,625,8.6,11.7,11.7,65536,5888,128,8334737408,4194304,1755.000122,256,7001.000488,46,NVIDIA GeForce RTX 3070,65536,102400,49152,1024,1536,32,master,2022-07-16 19:01:05 -0700,531adf1,x86_64,Intel(R) Core(TM) i7-10700K CPU @ 3.80GHz,64,32768,32768,262144,16777216,16,8,16695377920,Avocato,Linux,5.15.0-41-generic,Ubuntu 22.04 LTS,#44-Ubuntu SMP Wed Jun 22 14:20:53 UTC 2022
4,5,Most Parts,CUDA,1123,3.9568,5,0.00141448,3,233,77,652972,628,555,625,8.6,11.7,11.7,65536,5888,128,8334737408,4194304,1755.000122,256,7001.000488,46,NVIDIA GeForce RTX 3070,65536,102400,49152,1024,1536,32,master,2022-07-16 19:01:05 -0700,531adf1,x86_64,Intel(R) Core(TM) i7-10700K CPU @ 3.80GHz,64,32768,32768,262144,16777216,16,8,16695377920,Avocato,Linux,5.15.0-41-generic,Ubuntu 22.04 LTS,#44-Ubuntu SMP Wed Jun 22 14:20:53 UTC 2022
4,5,Expected Size,CUDA,1123,3.976,5,0.00143857,3,245,81,674138,644,569,625,8.6,11.7,11.7,65536,5888,128,8334737408,4194304,1755.000122,256,7001.000488,46,NVIDIA GeForce RTX 3070,65536,102400,49152,1024,1536,32,master,2022-07-16 19:01:05 -0700,531adf1,x86_64,Intel(R) Core(TM) i7-10700K CPU @ 3.80GHz,64,32768,32768,262144,16777216,16,8,16695377920,Avocato,Linux,5.15.0-41-generic,Ubuntu 22.04 LTS,#44-Ubuntu SMP Wed Jun 22 14:20:53 UTC 2022
4,5,Entropy,CUDA,1123,3.9616,5,0.00144524,3,245,81,661683,637,563,625,8.6,11.7,11.7,65536,5888,128,8334737408,4194304,1755.000122,256,7001.000488,46,NVIDIA GeForce RTX 3070,65536,102400,49152,1024,1536,32,master,2022-07-16 19:01:05 -0700,531adf1,x86_64,Intel(R) Core(TM) i7-10700K CPU @ 3.80GHz,64,32768,32768,262144,16777216,16,8,16695377920,Avocato,Linux,5.15.0-41-generic,Ubuntu 22.04 LTS,#44-Ubuntu SMP Wed Jun 22 14:20:53 UTC 2022
4,6,Knuth,CUDA,1122,4.47608,5,0.00158504,3,670,223,3454547,1266,1109,1296,8.6,11.7,11.7,65536,5888,128,8334737408,4194304,1755.000122,256,7001.000488,46,NVIDIA GeForce RTX 3070,65536,102400,49152,1024,1536,32,master,2022-07-16 19:01:05 -0700,531adf1,x86_64,Intel(R) Core(TM) i7-10700K CPU @ 3.80GHz,64,32768,32768,262144,16777216,16,8,16695377920,Avocato,Linux,5.15.0-41-generic,Ubuntu 22.04 LTS,#44-Ubuntu SMP Wed Jun 22 14:20:53 UTC 2022
4,6,Most Parts,CUDA,1123,4.37346,6,0.00186604,4,584,194,3463134,1264,1136,1296,8.6,11.7,11.7,65536,5888,128,8334737408,4194304,1755.000122,256,7001.000488,46,NVIDIA GeForce RTX 3070,65536,102400,49152,1024,1536,32,master,2022-07-16 19:01:05 -0700,531adf1,x86_64,Intel(R) Core(TM) i7-10700K CPU @ 3.80GHz,64,32768,32768,262144,16777216,16,8,16695377920,Avocato,Linux,5.15.0-41-generic,Ubuntu 22.04 LTS,#44-Ubuntu SMP Wed Jun 22 14:20:53 UTC 2022
4,6,Expected Size,CUDA,1123,4.39506,6,0.00175113,3,617,205,3404673,1306,1137,1296,8.6,11.7,11.7,65536,5888,128,8334737408,4194304,1755.000122,256,7001.000488,46,NVIDIA GeForce RTX 3070,65536,102400,49152,1024,1536,32,master,2022-07-16 19:01:05 -0700,531adf1,x86_64,Intel(R) Core(TM) i7-10700K CPU @ 3.80GHz,64,32768,32768,262144,16777216,16,8,16695377920,Avocato,Linux,5.15.0-41-generic,Ubuntu 22.04 LTS,#44-Ubuntu SMP Wed Jun 22 14:20:53 UTC 2022
4,6,Entropy,CUDA,1123,4.38503,6,0.00182198,3,596,198,3416360,1307,1147,1296,8.6,11.7,11.7,65536,5888,128,8334737408,4194304,1755.000122,256,7001.000488,46,NVIDIA GeForce RTX 3070,65536,102400,49152,1024,1536,32,master,2022-07-16 19:01:05 -0700,531adf1,x86_64,Intel(R) Core(TM) i7-10700K CPU @ 3.80GHz,64,32768,32768,262144,16777216,16,8,16695377920,Avocato,Linux,5.15.0-41-generic,Ubuntu 22.04 LTS,#44-Ubuntu SMP Wed Jun 22 14:20:53 UTC 2022
4,7,Knuth,CUDA,1234,4.83673,6,0.00232562,5,1080,357,14504604,2559,2166,2401,8.6,11.7,11.7,65536,5888,128,8334737408,4194304,1755.000122,256,7001.000488,46,NVIDIA GeForce RTX 3070,65536,102400,49152,1024,1536,32,master,2022-07-16 19:01:05 -0700,531adf1,x86_64,Intel(R) Core(TM) i7-10700K CPU @ 3.80GHz,64,32768,32768,262144,16777216,16,8,16695377920,Avocato,Linux,5.15.0-41-generic,Ubuntu 22.04 LTS,#44-Ubuntu SMP Wed Jun 22 14:20:53 UTC 2022
4,7,Most Parts,CUDA,1123,4.74302,6,0.00230573,5,1052,350,14270384,2411,2154,2401,8.6,11.7,11.7,65536,5888,128,8334737408,4194304,1755.000122,256,7001.000488,46,NVIDIA GeForce RTX 3070,65536,102400,49152,1024,1536,32,master,2022-07-16 19:01:05 -0700,531adf1,x86_64,Intel(R) Core(TM) i7-10700K CPU @ 3.80GHz,64,32768,32768,262144,16777216,16,8,16695377920,Avocato,Linux,5.15.0-41-generic,Ubuntu 22.04 LTS,#44-Ubuntu SMP Wed Jun 22 14:20:53 UTC 2022
4,7,Expected Size,CUDA,1234,4.75302,6,0.00218015,5,1092,361,13943407,2457,2160,2401,8.6,11.7,11.7,65536,5888,128,8334737408,4194304,1755.000122,256,7001.000488,46,NVIDIA GeForce RTX 3070,65536,102400,49152,1024,1536,32,master,2022-07-16 19:01:05 -0700,531adf1,x86_64,Intel(R) Core(TM) i7-10700K CPU @ 3.80GHz,64,32768,32768,262144,16777216,16,8,16695377920,Avocato,Linux,5.15.0-41-generic,Ubuntu 22.04 LTS,#44-Ubuntu SMP Wed Jun 22 14:20:53 UTC 2022
4,7,Entropy,CUDA,1123,4.73719,6,0.00219153,5,1067,355,13902154,2474,2173,2401,8.6,11.7,11.7,65536,5888,128,8334737408,4194304,1755.000122,256,7001.000488,46,NVIDIA GeForce RTX 3070,65536,102400,49152,1024,1536,32,master,2022-07-16 19:01:05 -0700,531adf1,x86_64,Intel(R) Core(TM) i7-10700K CPU @ 3.80GHz,64,32768,32768,262144,16777216,16,8,16695377920,Avocato,Linux,5.15.0-41-generic,Ubuntu 22.04 LTS,#44-Ubuntu SMP Wed Jun 22 14:20:53 UTC 2022
4,8,Knuth,CUDA,1234,5.18311,6,0.00271246,6,1992,661,47191496,4273,3596,4096,8.6,11.7,11.7,65536,5888,128,8334737408,4194304,1755.000122,256,7001.000488,46,NVIDIA GeForce RTX 3070,65536,102400,49152,1024,1536,32,master,2022-07-16 19:01:05 -0700,531adf1,x86_64,Intel(R) Core(TM) i7-10700K CPU @ 3.80GHz,64,32768,32768,262144,16777216,16,8,16695377920,Avocato,Linux,5.15.0-41-generic,Ubuntu 22.04 LTS,#44-Ubuntu SMP Wed Jun 22 14:20:53 UTC 2022
4,8,Most Parts,CUDA,1234,5.0874,7,0.00288254,6,1770,587,47208015,4170,3700,4096,8.6,11.7,11.7,65536,5888,128,8334737408,4194304,1755.000122,256,7001.000488,46,NVIDIA GeForce RTX 3070,65536,102400,49152,1024,1536,32,master,2022-07-16 19:01:05 -0700,531adf1,x86_64,Intel(R) Core(TM) i7-10700K CPU @ 3.80GHz,64,32768,32768,262144,16777216,16,8,16695377920,Avocato,Linux,5.15.0-41-generic,Ubuntu 22.04 LTS,#44-Ubuntu SMP Wed Jun 22 14:20:53 UTC 2022
4,8,Expected Size,CUDA,1234,5.05981,7,0.00267054,5,1815,602,45652480,4254,3666,4096,8.6,11.7,11.7,65536,5888,128,8334737408,4194304,1755.000122,256,7001.000488,46,NVIDIA GeForce RTX 3070,65536,102400,49152,1024,1536,32,master,2022-07-16 19:01:05 -0700,531adf1,x86_64,Intel(R) Core(TM) i7-10700K CPU @ 3.80GHz,64,32768,32768,262144,16777216,16,8,16695377920,Avocato,Linux,5.15.0-41-generic,Ubuntu 22.04 LTS,#44-Ubuntu SMP Wed Jun 22 14:20:53 UTC 2022
4,8,Entropy,CUDA,1234,5.05249,7,0.00269188,5,1785,592,45715242,4268,3699,4096,8.6,11.7,11.7,65536,5888,128,8334737408,4194304,1755.000122,256,7001.000488,46,NVIDIA GeForce RTX 3070,65536,102400,49152,1024,1536,32,master,2022-07-16 19:01:05 -0700,531adf1,x86_64,Intel(R) Core(TM) i7-10700K CPU @ 3.80GHz,64,32768,32768,262144,16777216,16,8,16695377920,Avocato,Linux,5.15.0-41-generic,Ubuntu 22.04 LTS,#44-Ubuntu SMP Wed Jun 22 14:20:53 UTC 2022
4,9,Knuth,CUDA,1234,5.50526,7,0.00440605,8,3309,1100,136110862,6999,5867,6561,8.6,11.7,11.7,65536,5888,128,8334737408,4194304,1755.000122,256,7001.000488,46,NVIDIA GeForce RTX 3070,65536,102400,49152,1024,1536,32,master,2022-07-16 19:01:05 -0700,531adf1,x86_64,Intel(R) Core(TM) i7-10700K CPU @ 3.80GHz,64,32768,32768,262144,16777216,16,8,16695377920,Avocato,Linux,5.15.0-41-generic,Ubuntu 22.04 LTS,#44-Ubuntu SMP Wed Jun 22 14:20:53 UTC 2022
4,9,Most Parts,CUDA,1234,5.39994,7,0.00444638,8,2982,991,135472446,6724,5987,6561,8.6,11.7,11.7,65536,5888,128,8334737408,4194304,1755.000122,256,7001.000488,46,NVIDIA GeForce RTX 3070,65536,102400,49152,1024,1536,32,master,2022-07-16 19:01:05 -0700,531adf1,x86_64,Intel(R) Core(TM) i7-10700K CPU @ 3.80GHz,64,32768,32768,262144,16777216,16,8,16695377920,Avocato,Linux,5.15.0-41-generic,Ubuntu 22.04 LTS,#44-Ubuntu SMP Wed Jun 22 14:20:53 UTC 2022
4,9,Expected Size,CUDA,1234,5.33958,7,0.00423103,8,2970,987,129723306,6833,5928,6561,8.6,11.7,11.7,65536,5888,128,8334737408,4194304,1755.000122,256,7001.000488,46,NVIDIA GeForce RTX 3070,65536,102400,49152,1024,1536,32,master,2022-07-16 19:01:05 -0700,531adf1,x86_64,Intel(R) Core(TM) i7-10700K CPU @ 3.80GHz,64,32768,32768,262144,16777216,16,8,16695377920,Avocato,Linux,5.15.0-41-generic,Ubuntu 22.04 LTS,#44-Ubuntu SMP Wed Jun 22 14:20:53 UTC 2022
4,9,Entropy,CUDA,1234,5.32541,7,0.00429783,9,2901,964,130339726,6808,5954,6561,8.6,11.7,11.7,65536,5888,128,8334737408,4194304,1755.000122,256,7001.000488,46,NVIDIA GeForce RTX 3070,65536,102400,49152,1024,1536,32,master,2022-07-16 19:01:05 -0700,531adf1,x86_64,Intel(R) Core(TM) i7-10700K CPU @ 3.80GHz,64,32768,32768,262144,16777216,16,8,16695377920,Avocato,Linux,5.15.0-41-generic,Ubuntu 22.04 LTS,#44-Ubuntu SMP Wed Jun 22 14:20:53 UTC 2022
4,10,Knuth,CUDA,1234,5.8103,7,0.00791838,10,5220,1737,350326688,10713,9076,10000,8.6,11.7,11.7,65536,5888,128,8334737408,4194304,1755.000122,256,7001.000488,46,NVIDIA GeForce RTX 3070,65536,102400,49152,1024,1536,32,master,2022-07-16 19:01:05 -0700,531adf1,x86_64,Intel(R) Core(TM) i7-10700K CPU @ 3.80GHz,64,32768,32768,262144,16777216,16,8,16695377920,Avocato,Linux,5.15.0-41-generic,Ubuntu 22.04 LTS,#44-Ubuntu SMP Wed Jun 22 14:20:53 UTC 2022
4,10,Most Parts,CUDA,1234,5.732,8,0.00813098,10,4905,1632,350464893,10313,9218,10000,8.6,11.7,11.7,65536,5888,128,8334737408,4194304,1755.000122,256,7001.000488,46,NVIDIA GeForce RTX 3070,65536,102400,49152,1024,1536,32,master,2022-07-16 19:01:05 -0700,531adf1,x86_64,Intel(R) Core(TM) i7-10700K CPU @ 3.80GHz,64,32768,32768,262144,16777216,16,8,16695377920,Avocato,Linux,5.15.0-41-generic,Ubuntu 22.04 LTS,#44-Ubuntu SMP Wed Jun 22 14:20:53 UTC 2022
4,10,Expected Size,CUDA,1234,5.6453,8,0.00779179,11,4767,1586,333793376,10622,9150,10000,8.6,11.7,11.7,65536,5888,128,8334737408,4194304,1755.000122,256,7001.000488,46,NVIDIA GeForce RTX 3070,65536,102400,49152,1024,1536,32,master,2022-07-16 19:01:05 -0700,531adf1,x86_64,Intel(R) Core(TM) i7-10700K CPU @ 3.80GHz,64,32768,32768,262144,16777216,16,8,16695377920,Avocato,Linux,5.15.0-41-generic,Ubuntu 22.04 LTS,#44-Ubuntu SMP Wed Jun 22 14:20:53 UTC 2022
4,10,Entropy,CUDA,1234,5.6225,8,0.00765665,11,4605,1532,332329994,10495,9135,10000,8.6,11.7,11.7,65536,5888,128,8334737408,4194304,1755.000122,256,7001.000488,46,NVIDIA GeForce RTX 3070,65536,102400,49152,1024,1536,32,master,2022-07-16 19:01:05 -0700,531adf1,x86_64,Intel(R) Core(TM) i7-10700K CPU @ 3.80GHz,64,32768,32768,262144,16777216,16,8,16695377920,Avocato,Linux,5.15.0-41-generic,Ubuntu 22.04 LTS,#44-Ubuntu SMP Wed Jun 22 14:20:53 UTC 2022
4,11,Knuth,CUDA,1234,6.14077,8,0.0135419,16,7656,2549,822324322,16371,13539,14641,8.6,11.7,11.7,65536,5888,128,8334737408,4194304,1755.000122,256,7001.000488,46,NVIDIA GeForce RTX 3070,65536,102400,49152,1024,1536,32,master,2022-07-16 19:01:05 -0700,531adf1,x86_64,Intel(R) Core(TM) i7-10700K CPU @ 3.80GHz,64,32768,32768,262144,16777216,16,8,16695377920,Avocato,Linux,5.15.0-41-generic,Ubuntu 22.04 LTS,#44-Ubuntu SMP Wed Jun 22 14:20:53 UTC 2022
4,11,Most Parts,CUDA,1234,6.05457,9,0.0141954,15,7575,2522,823573648,15227,13626,14641,8.6,11.7,11.7,65536,5888,128,8334737408,4194304,1755.000122,256,7001.000488,46,NVIDIA GeForce RTX 3070,65536,102400,49152,1024,1536,32,master,2022-07-16 19:01:05 -0700,531adf1,x86_64,Intel(R) Core(TM) i7-10700K CPU @ 3.80GHz,64,32768,32768,262144,16777216,16,8,16695377920,Avocato,Linux,5.15.0-41-generic,Ubuntu 22.04 LTS,#44-Ubuntu SMP Wed Jun 22 14:20:53 UTC 2022
4,11,Expected Size,CUDA,1234,5.93559,8,0.0125256,15,6939,2310,782091005,15909,13615,14641,8.6,11.7,11.7,65536,5888,128,8334737408,4194304,1755.000122,256,7001.000488,46,NVIDIA GeForce RTX 3070,65536,102400,49152,1024,1536,32,master,2022-07-16 19:01:05 -0700,531adf1,x86_64,Intel(R) Core(TM) i7-10700K CPU @ 3.80GHz,64,32768,32768,262144,16777216,16,8,16695377920,Avocato,Linux,5.15.0-41-generic,Ubuntu 22.04 LTS,#44-Ubuntu SMP Wed Jun 22 14:20:53 UTC 2022
4,11,Entropy,CUDA,1234,5.91148,8,0.0125076,15,6759,2250,779981695,15797,13615,14641,8.6,11.7,11.7,65536,5888,128,8334737408,4194304,1755.000122,256,7001.000488,46,NVIDIA GeForce RTX 3070,65536,102400,49152,1024,1536,32,master,2022-07-16 19:01:05 -0700,531adf1,x86_64,Intel(R) Core(TM) i7-10700K CPU @ 3.80GHz,64,32768,32768,262144,16777216,16,8,16695377920,Avocato,Linux,5.15.0-41-generic,Ubuntu 22.04 LTS,#44-Ubuntu SMP Wed Jun 22 14:20:53 UTC 2022
4,12,Knuth,CUDA,1234,6.41773,8,0.0277088,22,11547,3846,1766777678,22896,19121,20736,8.6,11.7,11.7,65536,5888,128,8334737408,4194304,1755.000122,256,7001.000488,46,NVIDIA GeForce RTX 3070,65536,102400,49152,1024,1536,32,master,2022-07-16 19:01:05 -0700,531adf1,x86_64,Intel(R) Core(TM) i7-10700K CPU @ 3.80GHz,64,32768,32768,262144,16777216,16,8,16695377920,Avocato,Linux,5.15.0-41-generic,Ubuntu 22.04 LTS,#44-Ubuntu SMP Wed Jun 22 14:20:53 UTC 2022
4,12,Most Parts,CUDA,1234,6.37765,9,0.0253673,21,11268,3753,1797140727,21741,19480,20736,8.6,11.7,11.7,65536,5888,128,8334737408,4194304,1755.000122,256,7001.000488,46,NVIDIA GeForce RTX 3070,65536,102400,49152,1024,1536,32,master,2022-07-16 19:01:05 -0700,531adf1,x86_64,Intel(R) Core(TM) i7-10700K CPU @ 3.80GHz,64,32768,32768,262144,16777216,16,8,16695377920,Avocato,Linux,5.15.0-41-generic,Ubuntu 22.04 LTS,#44-Ubuntu SMP Wed Jun 22 14:20:53 UTC 2022
4,12,Expected Size,CUDA,1234,6.22444,8,0.0291489,20,10347,3446,1689882163,22722,19291,20736,8.6,11.7,11.7,65536,5888,128,8334737408,4194304,1755.000122,256,7001.000488,46,NVIDIA GeForce RTX 3070,65536,102400,49152,1024,1536,32,master,2022-07-16 19:01:05 -0700,531adf1,x86_64,Intel(R) Core(TM) i7-10700K CPU @ 3.80GHz,64,32768,32768,262144,16777216,16,8,16695377920,Avocato,Linux,5.15.0-41-generic,Ubuntu 22.04 LTS,#44-Ubuntu SMP Wed Jun 22 14:20:53 UTC 2022
4,12,Entropy,CUDA,1234,6.18191,8,0.0225995,19,9849,3280,1675611376,22503,19307,20736,8.6,11.7,11.7,65536,5888,128,8334737408,4194304,1755.000122,256,7001.000488,46,NVIDIA GeForce RTX 3070,65536,102400,49152,1024,1536,32,master,2022-07-16 19:01:05 -0700,531adf1,x86_64,Intel(R) Core(TM) i7-10700K CPU @ 3.80GHz,64,32768,32768,262144,16777216,16,8,16695377920,Avocato,Linux,5.15.0-41-generic,Ubuntu 22.04 LTS,#44-Ubuntu SMP Wed Jun 22 14:20:53 UTC 2022
4,13,Knuth,CUDA,1234,6.72228,9,0.0429614,29,16251,5414,3613004214,31953,26596,28561,8.6,11.7,11.7,65536,5888,128,8334737408,4194304,1755.000122,256,7001.000488,46,NVIDIA GeForce RTX 3070,65536,102400,49152,1024,1536,32,master,2022-07-16 19:01:05 -0700,531adf1,x86_64,Intel(R) Core(TM) i7-10700K CPU @ 3.80GHz,64,32768,32768,262144,16777216,16,8,16695377920,Avocato,Linux,5.15.0-41-generic,Ubuntu 22.04 LTS,#44-Ubuntu SMP Wed Jun 22 14:20:53 UTC 2022
4,13,Most Parts,CUDA,1234,6.70271,9,0.0439708,29,16605,5532,3680119986,29971,26942,28561,8.6,11.7,11.7,65536,5888,128,8334737408,4194304,1755.000122,256,7001.000488,46,NVIDIA GeForce RTX 3070,65536,102400,49152,1024,1536,32,master,2022-07-16 19:01:05 -0700,531adf1,x86_64,Intel(R) Core(TM) i7-10700K CPU @ 3.80GHz,64,32768,32768,262144,16777216,16,8,16695377920,Avocato,Linux,5.15.0-41-generic,Ubuntu 22.04 LTS,#44-Ubuntu SMP Wed Jun 22 14:20:53 UTC 2022
4,13,Expected Size,CUDA,1234,6.4892,9,0.0402279,27,14640,4877,3435613183,31333,26764,28561,8.6,11.7,11.7,65536,5888,128,8334737408,4194304,1755.000122,256,7001.000488,46,NVIDIA GeForce RTX 3070,65536,102400,49152,1024,1536,32,master,2022-07-16 19:01:05 -0700,531adf1,x86_64,Intel(R) Core(TM) i7-10700K CPU @ 3.80GHz,64,32768,32768,262144,16777216,16,8,16695377920,Avocato,Linux,5.15.0-41-generic,Ubuntu 22.04 LTS,#44-Ubuntu SMP Wed Jun 22 14:20:53 UTC 2022
4,13,Entropy,CUDA,1234,6.44564,9,0.0398686,27,14142,4711,3405477137,31033,26707,28561,8.6,11.7,11.7,65536,5888,128,8334737408,4194304,1755.000122,256,7001.000488,46,NVIDIA GeForce RTX 3070,65536,102400,49152,1024,1536,32,master,2022-07-16 19:01:05 -0700,531adf1,x86_64,Intel(R) Core(TM) i7-10700K CPU @ 3.80GHz,64,32768,32768,262144,16777216,16,8,16695377920,Avocato,Linux,5.15.0-41-generic,Ubuntu 22.04 LTS,#44-Ubuntu SMP Wed Jun 22 14:20:53 UTC 2022
4,14,Knuth,CUDA,1234,7.00141,9,0.0768446,39,22599,7530,6946645908,43261,35906,38416,8.6,11.7,11.7,65536,5888,128,8334737408,4194304,1755.000122,256,7001.000488,46,NVIDIA GeForce RTX 3070,65536,102400,49152,1024,1536,32,master,2022-07-16 19:01:05 -0700,531adf1,x86_64,Intel(R) Core(TM) i7-10700K CPU @ 3.80GHz,64,32768,32768,262144,16777216,16,8,16695377920,Avocato,Linux,5.15.0-41-generic,Ubuntu 22.04 LTS,#44-Ubuntu SMP Wed Jun 22 14:20:53 UTC 2022
4,14,Most Parts,CUDA,1234,7.02944,10,0.0820002,39,23589,7860,7174306215,40536,36639,38416,8.6,11.7,11.7,65536,5888,128,8334737408,4194304,1755.000122,256,7001.000488,46,NVIDIA GeForce RTX 3070,65536,102400,49152,1024,1536,32,master,2022-07-16 19:01:05 -0700,531adf1,x86_64,Intel(R) Core(TM) i7-10700K CPU @ 3.80GHz,64,32768,32768,262144,16777216,16,8,16695377920,Avocato,Linux,5.15.0-41-generic,Ubuntu 22.04 LTS,#44-Ubuntu SMP Wed Jun 22 14:20:53 UTC 2022
4,14,Expected Size,CUDA,1234,6.764,9,0.0724858,36,20205,6732,6639130529,42830,36379,38416,8.6,11.7,11.7,65536,5888,128,8334737408,4194304,1755.000122,256,7001.000488,46,NVIDIA GeForce RTX 3070,65536,102400,49152,1024,1536,32,master,2022-07-16 19:01:05 -0700,531adf1,x86_64,Intel(R) Core(TM) i7-10700K CPU @ 3.80GHz,64,32768,32768,262144,16777216,16,8,16695377920,Avocato,Linux,5.15.0-41-generic,Ubuntu 22.04 LTS,#44-Ubuntu SMP Wed Jun 22 14:20:53 UTC 2022
4,14,Entropy,CUDA,1234,6.71327,9,0.0721223,35,19563,6518,6569120811,42233,36218,38416,8.6,11.7,11.7,65536,5888,128,8334737408,4194304,1755.000122,256,7001.000488,46,NVIDIA GeForce RTX 3070,65536,102400,49152,1024,1536,32,master,2022-07-16 19:01:05 -0700,531adf1,x86_64,Intel(R) Core(TM) i7-10700K CPU @ 3.80GHz,64,32768,32768,262144,16777216,16,8,16695377920,Avocato,Linux,5.15.0-41-generic,Ubuntu 22.04 LTS,#44-Ubuntu SMP Wed Jun 22 14:20:53 UTC 2022
4,15,Knuth,CUDA,1234,7.28109,10,0.132022,52,31377,10456,12767279042,56503,47226,50625,8.6,11.7,11.7,65536,5888,128,8334737408,4194304,1755.000122,256,7001.000488,46,NVIDIA GeForce RTX 3070,65536,102400,49152,1024,1536,32,master,2022-07-16 19:01:05 -0700,531adf1,x86_64,Intel(R) Core(TM) i7-10700K CPU @ 3.80GHz,64,32768,32768,262144,16777216,16,8,16695377920,Avocato,Linux,5.15.0-41-generic,Ubuntu 22.04 LTS,#44-Ubuntu SMP Wed Jun 22 14:20:53 UTC 2022
4,15,Most Parts,CUDA,1234,7.35627,10,0.139551,54,32553,10848,13312144408,53736,48535,50625,8.6,11.7,11.7,65536,5888,128,8334737408,4194304,1755.000122,256,7001.000488,46,NVIDIA GeForce RTX 3070,65536,102400,49152,1024,1536,32,master,2022-07-16 19:01:05 -0700,531adf1,x86_64,Intel(R) Core(TM) i7-10700K CPU @ 3.80GHz,64,32768,32768,262144,16777216,16,8,16695377920,Avocato,Linux,5.15.0-41-generic,Ubuntu 22.04 LTS,#44-Ubuntu SMP Wed Jun 22 14:20:53 UTC 2022
4,15,Expected Size,CUDA,1234,7.02254,9,0.125293,47,27528,9173,12168202360,56788,47973,50625,8.6,11.7,11.7,65536,5888,128,8334737408,4194304,1755.000122,256,7001.000488,46,NVIDIA GeForce RTX 3070,65536,102400,49152,1024,1536,32,master,2022-07-16 19:01:05 -0700,531adf1,x86_64,Intel(R) Core(TM) i7-10700K CPU @ 3.80GHz,64,32768,32768,262144,16777216,16,8,16695377920,Avocato,Linux,5.15.0-41-generic,Ubuntu 22.04 LTS,#44-Ubuntu SMP Wed Jun 22 14:20:53 UTC 2022
4,15,Entropy,CUDA,1234,6.97497,9,0.124685,46,26829,8940,12084250313,56250,47973,50625,8.6,11.7,11.7,65536,5888,128,8334737408,4194304,1755.000122,256,7001.000488,46,NVIDIA GeForce RTX 3070,65536,102400,49152,1024,1536,32,master,2022-07-16 19:01:05 -0700,531adf1,x86_64,Intel(R) Core(TM) i7-10700K CPU @ 3.80GHz,64,32768,32768,262144,16777216,16,8,16695377920,Avocato,Linux,5.15.0-41-generic,Ubuntu 22.04 LTS,#44-Ubuntu SMP Wed Jun 22 14:20:53 UTC 2022
